,data/All/ant-1.5.csv,data/All/CM12.csv,data/All/ivy-2.0.csv,data/All/PDE.csv,data/All/CM13.csv,data/All/ant-1.4.csv,data/All/ant-1.6.csv,data/All/lucene-2.4.csv,data/All/ML.csv,data/All/ant-1.7.csv,data/All/MC22.csv,data/All/ant-1.3.csv,data/All/lucene-2.0.csv,data/All/MC23.csv,data/All/lucene-2.2.csv,data/All/xalan-2.4.csv,data/All/camel-1.0.csv,data/All/KC32.csv,data/All/EQ.csv,data/All/mc2.csv,data/All/xerces-1.0.csv,data/All/KC33.csv,data/All/ivy-1.1.csv,data/All/xalan-2.5.csv,data/All/xalan-2.7.csv,data/All/xerces-1.2.csv,data/All/mc1.csv,data/All/xerces-1.3.csv,data/All/camel-1.2.csv,data/All/xalan-2.6.csv,data/All/kc3.csv,data/All/velocity-1.6.csv,data/All/camel-1.6.csv,data/All/MW12.csv,data/All/cm1.csv,data/All/mw1.csv,data/All/MW13.csv,data/All/velocity-1.5.csv,data/All/xerces-1.4.csv,data/All/JDT.csv,data/All/Zxing.csv,data/All/camel-1.4.csv,data/All/ivy-1.4.csv,data/All/velocity-1.4.csv,data/All/Safe.csv,data/All/poi-1.5.csv,data/All/jedit-4.3.csv,data/All/poi-3.0.csv,data/All/jedit-4.2.csv,data/All/jedit-4.0.csv,data/All/Apache.csv,data/All/jedit-4.1.csv,data/All/poi-2.5.csv,data/All/LC.csv,data/All/MC12.csv,data/All/jedit-3.2.csv,data/All/MC13.csv,data/All/log4j-1.1.csv,data/All/log4j-1.0.csv,data/All/poi-2.0.csv,data/All/JM12.csv,data/All/log4j-1.2.csv,data/All/jm1.csv,data/All/JM13.csv
data/All/Apache.csv,0.21363974334159785,0.18307119014755024,0.31738868396967845,0.1022325108458394,0.18322731067513398,0.11808426730408894,0.6216933479866142,0.5691611297438832,0.3153446003207159,0.633178809651264,0.09092816763662981,0.2940595578100027,0.5594505494759843,0.12791920941634527,0.5122764104637455,0.606543954669103,0.4901850213189176,0.2019863735783477,0.015538342090018253,0.12791920941634527,0.3766052955568461,0.16227855998449425,0.45017282588234375,0.2801947781803864,0.1970734307387424,0.2901974231890163,0.3421015498139478,0.3409092524968076,0.5591014864757107,0.1491291741197589,0.16227855998449425,0.3515547670250534,0.5729312725621359,0.4008938066562866,0.19835481330894034,0.29915770506335526,0.29915770506335526,0.1397148442055305,0.17086985891880535,0.08613365355971692,0.024024889217120426,0.5082992665180176,0.4792676635481715,0.10696914798746948,0.2640284977699032,0.20758371028061173,0.5236366200805043,0.31305672839463283,0.32027700368525513,0.5648845662295503,-0.010152592704229746,0.6391707942177112,0.17967855698239588,0.0940059538430178,0.39466510141080036,0.6171092843640344,0.3421015498139478,0.1024786125558812,0.07485424298289689,0.2300142494570302,0.47488688733888473,0.14476476613906497,0.2360006538174919,0.2360006538174919
data/All/CM12.csv,0.1573939929394247,0.09955429025282991,0.23982160784229545,0.12205485084186862,0.11554020909695295,0.1033532390692703,0.10526950341812014,0.15242963471915916,0.2190890658476592,0.17536539839413545,0.18813319017991714,0.36191284332033086,0.0754163854924601,0.1857102589359263,0.14591103674873418,0.15050494092903022,0.19091835853079697,0.10947020831576892,0.06353653189692143,0.1857102589359263,0.41701974816312437,0.06354208314803356,0.3178130293461727,0.2599297484110832,0.182831293115588,0.29482320620624425,0.15301735378717796,0.35368147169057973,0.5654261741419838,0.21944237645146192,0.06354208314803356,0.16459887267330586,0.18643454933215975,0.1925521340924916,0.11930276045845523,0.12828351519879522,0.12828351519879522,0.22614886268153667,0.1606767935693263,0.10696821129732781,0.04974569088282266,0.33123395356271834,0.18675391820782294,0.14510904422178306,0.25084456810377453,0.19312097723385424,0.19020143542404733,0.2655081914706654,0.1522284421862815,0.15277059046859698,0.03640963945632003,0.0805795620801355,0.11707649039293777,0.12321270735133028,0.18138613121419245,0.08156207789837033,0.15301735378717796,0.16167880026720194,0.10360211503102157,0.13120122287576164,0.48345790055993887,0.07747424544814985,0.22354144244179353,0.22354144244179353
data/All/CM13.csv,0.15107834128794095,0.08119593855848928,0.0643223187565215,0.1251217454555984,0.11541407274897308,0.040720825976172326,0.09380896409276263,0.14587039137328928,0.19178885411954893,0.16477280028260832,0.1561930671971462,0.07747752729358848,0.06494037630722871,0.15079945299715558,0.12781728006305326,0.14369487450361018,0.1997234467869644,0.16766186918374104,0.048285449150556214,0.15079945299715558,0.44492185631785597,0.06811329459793136,0.3001187265632329,0.2775811745847897,0.17655006311767307,0.2931929052417106,0.17360185923386406,0.33177277517006876,0.552214226543255,0.20892898280502414,0.06811329459793136,0.16082500361908347,0.1685813225137751,0.18560356232602782,0.07723688226950054,0.16051953019895238,0.16051953019895238,0.20772603334244066,0.16318996498308347,0.11166049643903864,0.0381706348520956,0.30823287092672025,0.19929125728648545,0.13022592001507682,0.2515476326107071,0.18724417749099276,0.20730936454372384,0.2582958070686324,0.15508534434898025,0.14372595305914726,0.025605020406598955,0.06733828402904796,0.12129166695064719,0.10704705751135668,0.19271506962189056,0.07060384944993991,0.17360185923386406,0.07725989086180429,0.023006975533422347,0.134389007456291,0.47203673529525536,0.06197997810161615,0.2032161274997918,0.2032161274997918
data/All/EQ.csv,0.3060321130890368,0.18698151760357773,0.1710938271091237,-0.00857313865354914,0.24902345307555884,0.1238257832294728,0.5785219549715938,0.5584356524849975,0.2419217490358746,0.6037695240333253,0.2278335716015134,0.2687622297033869,0.6613614329843658,0.21798436296823087,0.5564905249865513,0.6425663985215981,0.4830480954757128,0.2565478704796359,-0.012073604327679788,0.21798436296823087,0.4852165193029635,0.18402519957236763,0.429125592973261,0.3635627283385078,0.12463661223712252,0.35214163553780786,0.37023516903614173,0.3980195836663175,0.595789901543409,0.06485841276122506,0.18402519957236763,0.3251832654256436,0.5793550401375095,0.41231133498721073,0.2838580811264604,0.29798989124422426,0.29798989124422426,0.3097939298798884,0.1544649741741959,-0.007924037242853177,0.012657412280718594,0.5726703805862701,0.4660154906891265,0.21653179601587624,0.24348778109064517,0.23382676659311197,0.4987822362386788,0.3039816039874603,0.18777174861994517,0.5579482518805132,0.2895715581380296,-0.008407732316287886,0.1926500424202462,0.0024263150242538334,0.39896439983505283,0.5971332050096871,0.37023516903614173,0.22702816075376175,0.12713861697233453,0.25976052485238776,0.524282087431333,0.6647255654619548,0.29480238039152395,0.29480238039152395
data/All/JDT.csv,0.23642346830247796,0.1752307246841993,0.11532795399693874,-0.01262562712919113,0.23810867196198038,0.13709970006628458,0.652703998916542,0.5866577248848424,0.025596392934531753,0.5546676866442091,0.29037337628774873,0.27957200956319606,0.6801627633581393,0.2960726972040615,0.5982475390020123,0.5699825042784464,0.493101208656229,0.23321657284874753,-0.010122052027115469,0.2960726972040615,0.5794450775449551,0.18789272154095527,0.4432624328684657,0.40631772243030295,0.16108569729572897,0.3700993041603401,0.39728541375049853,0.43246275260006084,0.6197952268585198,0.048906604104163476,0.18789272154095527,0.421260807317818,0.5354079700741391,0.38669186319503757,0.2461702644212107,0.2720407358569801,0.2720407358569801,0.3549962911684129,0.16991870979356205,-0.01228125277461134,0.04123513158772152,0.5778340570185397,0.4439621791250955,0.39552000854993097,0.2275016384016868,0.32272724110692586,0.4996554357576207,0.3170707442101257,0.13489242185498762,0.6097897210895497,0.49007038885387344,0.685455821570083,0.21669123470571305,-0.010799089005122608,0.41657283126574063,0.6590420251455131,0.39728541375049853,0.3685959540742625,0.17466998836523961,0.3499494991201684,0.5488223521876308,0.6769017328140965,0.3492214252089634,0.3492214252089634
data/All/JM12.csv,0.22759113505233086,0.2035334327242866,0.15258567281632995,0.11819767266376946,0.22522599360326656,0.19253670669685496,0.5221613518523077,0.5507951395258531,0.06262057618021954,0.5615969823248371,0.28775068271726156,0.3052289848381219,0.5140977395187659,0.2991927154582311,0.5368887153428531,0.5452669808392896,0.4482245328367823,0.2025381084929232,0.414819754021425,0.2991927154582311,0.5596386425804536,0.19022319509558572,0.4391388370634802,0.2895192101211559,0.2288050320072862,0.229992209817375,0.3830274809893046,0.024825230584482494,0.5615763531833761,0.04834196922758571,0.19022319509558572,0.44853681823949465,0.5056771764818347,0.3331366714291012,0.2248174435656466,0.2477753451221717,0.2477753451221717,0.4432515072480717,0.3068888720592883,0.3195113631107991,0.3936706460983549,0.44786767284566187,0.40394579133870934,0.44620790144144673,0.27151258433350334,0.49156502968515736,0.5194469581868058,0.35727513292506663,0.09313479678627123,0.558282364602305,0.4722695596740294,0.5172102510952552,0.4076911812558016,0.283482223794146,0.429437831046824,0.5265114571621516,0.3830274809893046,0.3594534499494928,0.23799347488826628,0.20105917285980124,0.3786192963745526,0.49154827306384385,0.18097585831030105,0.18097585831030105
data/All/JM13.csv,0.1210458351880841,0.11273831823541736,0.12459764785248761,0.3076844767287149,0.10935128778261616,0.09934163812981622,0.31459980213321714,0.321236867862125,0.2209745100629309,0.35463382837903146,0.2156081466815608,0.15341047280752784,0.3075744622258203,0.20000453348261515,0.31875227836112874,0.29301930315140345,0.2226212173149662,0.11751501788924101,0.2566753749094418,0.20000453348261515,0.2879271538199347,0.11237466957377573,0.25654756853934435,0.2506345601768324,0.27906790997878117,0.12621273036763347,0.15523731041324362,0.027870586639314965,0.1261682228707972,0.3689386850435924,0.11237466957377573,0.30012229084753117,0.2261341000199134,0.16339739434025446,0.10425480934468023,0.14624627055224515,0.14624627055224515,0.30932960386131225,0.24697265755559794,0.2992513340984172,0.2526769346690966,0.22224013336113957,0.21735481112480604,0.2755476701874311,0.2871199329535856,0.2637263841245733,0.24431337699608147,0.1840114791942692,0.0711153945330536,0.13278413375208076,0.2315258423774369,0.3230593491555356,0.17086910069547434,0.27276206249680035,0.21264905264415435,0.3386616604870484,0.15523731041324362,0.23015757975677853,0.1815698521488427,0.07989361779514548,0.18791722117089016,0.2804486724340418,-0.005450050667354489,-0.005450050667354489
data/All/KC32.csv,0.2606534114001917,0.13551958382986906,0.2866286015410966,0.16054626399791194,0.15871885646368378,0.13485125793719155,0.15204545762703092,0.5452825483680092,0.3517215455239262,0.5275653337967345,0.06841321580574733,0.21826451983033224,0.3290073827034402,0.08729155540764033,0.10715118118834255,0.5439879330680026,0.3983317439750871,0.13746700993023375,0.058380129811098636,0.08729155540764033,0.3622794609312977,0.1242348870704999,0.12839445623108792,0.30829040436009025,0.17666304112117437,0.28109286408204537,0.29947218862077696,0.3208679273910978,0.5586435620821952,0.17902103155644356,0.1242348870704999,0.17058784802065052,0.2095861511247653,0.3709849383747611,0.16689098089648613,0.3243412397655412,0.3243412397655412,0.1656332841037731,0.177511010234778,0.14284617321367188,0.05886126656766044,0.3764445259500424,0.3820981908271087,0.09279260770605657,0.2396716293575425,0.19682303124109468,0.4405613028736898,0.3169973259668585,0.30191650556243477,0.49787906705200613,0.01769098299131211,0.5883807863083955,0.1472320343452238,0.145832133912854,0.33305047169949165,0.501123608958901,0.29947218862077696,0.20741647008351738,0.09791962593916681,0.18404669287232212,0.5019357745879467,0.21149944347331118,0.22026245345206874,0.22026245345206874
data/All/KC33.csv,0.23941268785530745,0.12219492577056656,0.2647884552573587,0.14710963060438476,0.11471014675879876,0.06186516236703565,0.29611433529394326,0.15815030799899432,0.3617357225357337,0.18800816961296585,0.059228833937202574,0.22821397574816837,0.032560619573307914,0.07423122599453191,0.1166358812481525,0.1569268773230743,0.40107866466109887,0.13063295759083637,0.047039791490436134,0.07423122599453191,0.35795991557842566,0.12010014163274407,0.13744526478217234,0.3107283178639366,0.184178164119288,0.2770846937529282,0.27212965709957526,0.33721054390753535,0.5581691215449495,0.18556738555916863,0.12010014163274407,0.169925403451886,0.24344495248186293,0.31999084590428917,0.12940463555036175,0.23884055954288952,0.23884055954288952,0.16678739533999298,0.1782102643933693,0.1285986466778385,0.047700307839027234,0.373423308995683,0.3920377232036161,0.09258394154064642,0.21974853914923176,0.1967563586925417,0.4366991706388271,0.3000295952599501,0.2968560231302405,0.45106438050883224,0.005511854744182587,0.06363912624446999,0.145288779530092,0.12851016966080453,0.3253124859392307,0.06412765231352568,0.27212965709957526,0.10893157956034882,0.050297304913575314,0.18571472954316592,0.483031789396409,0.040047380797303855,0.2140464452520624,0.2140464452520624
data/All/LC.csv,0.2464878362210544,0.17571041234208273,0.11923905907462307,-0.011927174794086892,0.24109470784071407,0.1282195687628811,0.6368133331076984,0.5743558149617649,0.027260917200653823,0.5561720348326956,0.27565776572726597,0.27260956709919404,0.6791902573158803,0.26827940593521526,0.5905898300612415,0.5493536149395527,0.48748330798869666,0.22907609024258613,-0.010291002268733918,0.26827940593521526,0.5492612400267315,0.17331236462437272,0.4503077877472639,0.3910503771111067,0.15694328324102436,0.3577978437714936,0.38923872637424106,0.4369494480179672,0.6147078559797284,0.048393652912579244,0.17331236462437272,0.3619920536691519,0.5370212253378956,0.38982791347164536,0.24929534526193242,0.2713893876772159,0.2713893876772159,0.3458574415521971,0.16288923358660734,-0.01196119772021409,0.031512222586783656,0.5756658486035111,0.44625227634081355,0.3583454629759588,0.22361883581070918,0.300080883733461,0.4950084026615027,0.30674793653542576,0.1391165141387931,0.6007740701707139,0.4638609594587324,0.6846610305971426,0.2056380118827974,-0.010987283787884272,0.4099320580930559,0.6545931884241335,0.38923872637424106,0.3234866729248278,0.16219885265842016,0.3306761558401381,0.5318823667272866,0.6690340251539919,0.3403902171018329,0.3403902171018329
data/All/MC12.csv,0.30993868771630295,0.2870017550943439,0.21658578557647168,0.2956159963542939,0.25292230870885124,0.2920546948598538,0.39794036532264176,0.37426111918448457,0.22671378467810466,0.40565296069187606,0.3775115392359052,0.392060018258104,0.3827773101422324,0.372533931392369,0.3827246730559847,0.3897769418094357,0.3632402748922047,0.23390068663006458,0.2813754354146748,0.372533931392369,0.43680359795362167,0.24017852880399015,0.39310205012229715,0.45470167238897363,0.29890826983184093,0.14840463187532638,0.2668622143993804,0.15057169168413642,0.29260315851491414,0.5469431305224958,0.24017852880399015,0.41204500633576613,0.341652182856107,0.25094956314078387,0.2245198209150191,0.24896074950550007,0.24896074950550007,0.42979491052719443,0.4012708087276733,0.2937909738052745,0.30089151043790974,0.09575816513775703,0.33988796302057267,0.3599731296816048,0.25679265104200255,0.3792083732644549,0.4267620554508933,0.3870673548304453,0.19435115581836848,0.35596461017591474,0.42744528330855835,0.4059894847916804,0.38164045470627306,0.25384989888237963,0.4157061898521822,0.3968044266514008,0.2668622143993804,0.44899540216394584,0.3250829245076098,0.17266734613380885,0.272360199212455,0.4066482404092647,0.2105224057041193,0.2105224057041193
data/All/MC13.csv,0.11513129935867361,0.12718862546122311,0.07133304446833,0.16494512585249044,0.1293712856416327,0.10713781047063786,0.19686870861824246,0.2366139139913661,0.2076277042072926,0.18777983568605094,0.23339618816972885,0.1529715536081273,0.3067017242850457,0.23939860998078144,0.290758430168492,0.19844749856964028,0.18284109138797322,0.1420170805627975,0.15160506663884055,0.23939860998078144,0.44706545900796546,0.1410259959916298,0.31621201873760396,0.22545094287482392,0.23485804831480905,0.23151374008788927,0.1106770006857627,0.19586730760449422,0.3041440561111568,0.38303111932605105,0.1410259959916298,0.1638680187658772,0.17568092982677896,0.1206332406992735,0.07544271345598541,0.10696299319554059,0.10696299319554059,0.3300873374498827,0.1593407477605202,0.1590697517797045,0.13739561128665934,0.20065995599898434,0.13434700029068858,0.2923247050284209,0.24729366170234468,0.27740698859167623,0.21518237860748735,0.17889468383603846,0.0438671055990576,0.2126504925127788,0.2558565248344584,0.24349408947000328,0.11541321577266883,0.1611241864472307,0.1135042763987073,0.26101796186897686,0.1106770006857627,0.2813038431189878,0.14606557575724033,0.09446275294203832,0.27651492836254143,0.30465313094118174,0.14443634533592842,0.14443634533592842
data/All/MC22.csv,0.19368239808307763,0.2860150514177401,0.23580964389779524,0.3713550418097449,0.26974240726290477,0.12521908820780447,0.3024564747658679,0.3482447250258761,0.2280323685846546,0.4912577980113374,-0.0029881253404133723,0.1196799631826091,0.1351352941246282,0.018924638872576116,0.23384684242362375,0.45994012640387694,0.3774486684539634,0.10512100584236372,0.19024380390089712,0.018924638872576116,0.4001839032121537,0.15451435574167116,0.06303432163716871,0.4943520413762538,0.4056827812058983,0.2799850362188301,0.4454695254604609,0.3062494590436988,0.5613273023910467,0.282124315971487,0.15451435574167116,0.19261612070418066,0.4808695456925546,0.2080293665035141,0.2576439852425709,0.288648935324042,0.288648935324042,0.2772865507590394,0.4012257944522435,0.3384232623117496,0.21462217747087386,0.4827124543337368,0.25776633874777155,0.15162590234879736,0.22135719063456627,0.27091446564399924,0.5000852067935946,0.3592844701157035,0.27531889705085955,0.33427193373083375,0.10036278972814539,0.24518382874291844,0.2793340479846844,0.33950247289340263,0.35822741724111185,0.21421046855594972,0.4454695254604609,0.04560344366765956,0.07046091318463621,0.23604846405418578,0.4747160721503084,0.1376104987518626,0.22889102268345807,0.22889102268345807
data/All/MC23.csv,0.2505978010521026,0.32774012747215053,0.2206209728068821,0.36727510062078694,0.27203682915055505,0.1733814147236319,0.5503590111270316,0.5358090368203569,0.40447455964351764,0.5146387538507634,0.023581297166729742,0.0885205136459778,0.5756466548241621,-0.00405702216695536,0.26613043035649864,0.5151220010987257,0.36575468477243667,0.1280730515669365,0.17779711511285679,-0.00405702216695536,0.3631702023846024,0.15649733445563763,0.15220607639685269,0.47912525546631435,0.40074755158896347,0.27752820762876396,0.36864052532931657,0.3111700860126455,0.550494795397348,0.2708033742485284,0.15649733445563763,0.2768090849371707,0.4467784703832872,0.21490380807915843,0.28248761518098764,0.2312888964520472,0.2312888964520472,0.2852553763044492,0.39248716786789983,0.336760796706825,0.2160915274502142,0.44889344479311266,0.27581028509288275,0.15667969012079197,0.197292912875772,0.28677646313834415,0.49412584875471455,0.35805916965204054,0.23925923776588864,0.522891938284106,0.08778868082943947,0.3925778155902073,0.27950817189298716,0.3383500679472584,0.3319710704196285,0.32787958379955884,0.36864052532931657,0.04118293417445784,0.14297187484781304,0.2841135892202674,0.4783867678467598,0.12355268671191788,0.20182786266046637,0.20182786266046637
data/All/ML.csv,0.20344040687369414,0.23640882860596624,0.1487876266557846,0.018221399858275977,0.22031411044263893,0.13401601521720397,0.5515734666356674,0.5808263279996144,-0.01123307531818274,0.5680194104233376,0.3050608751123478,0.3414249646407891,0.5595784700656701,0.34226366922185947,0.5062446971757196,0.4168476763482817,0.5447874957638623,0.28038719331300677,0.20609979334467587,0.34226366922185947,0.5751788009489972,0.1661507155886972,0.48145786295188886,0.4296965402129901,0.07391396710388065,0.39161559728722517,0.40686309272709675,0.4600611835156886,0.5255175965534359,0.085086438971958,0.1661507155886972,0.27402013893121957,0.1473129452247517,0.4248755184312747,0.21628275035697708,0.28070771994752297,0.28070771994752297,0.3787028344124924,0.1877233515804717,0.02525249570605015,0.23709281138052118,0.3400899774994739,0.4915979001005426,0.44225350583636014,0.17425244753432134,0.4272102292131741,0.5414060387013436,0.2266274199602465,0.15650892337563227,0.5833037812943263,0.3937274867129331,0.5683636544169288,0.34259218358950083,0.06683491530392782,0.4332889338611349,0.5872883757142584,0.40686309272709675,0.3644583300304458,0.2199624002604884,0.39261763908552594,0.34453195113549506,0.5862585573116499,0.29174890735474646,0.29174890735474646
data/All/MW12.csv,0.3350349658227827,0.21022474306873695,0.24769322814351213,0.12009519247732692,0.24491712607494542,0.11728195964859245,0.49939540243063174,0.5611557048561671,0.2563996143999081,0.6261607881305888,0.22571083369805722,0.29108592171083825,0.551624924686717,0.2799801906828787,0.5190329191248664,0.6256675654928185,0.47972900952353004,0.3183267032672362,0.055989339718436115,0.2799801906828787,0.4649266590493616,0.21136929592034126,0.4692649625602211,0.2645293499418754,0.37659509668633884,0.3347677355860662,0.38536578859339443,0.37714530698864246,0.5837562691139951,0.19565850451779165,0.21136929592034126,0.28067131976040693,0.5554121306752251,0.43590636825845175,0.2794134941654486,0.25960094772999986,0.25960094772999986,0.26235593139381963,0.21318371517604662,0.10637758472680314,0.12021736439900499,0.49382539331100794,0.4351673596612343,0.24010821078671807,0.20970894144307395,0.21814709866220605,0.5193679782405439,0.31801805986226817,0.24396076593715899,0.5599885265084722,0.5255869900024691,0.5666742168351498,0.17646892850766904,0.11637874671368986,0.39071715003283136,0.5636432999549572,0.38536578859339443,0.31397404504064486,0.1064591476041925,0.2573701394833755,0.5101623183249134,0.5683662099931475,0.29312604713616175,0.29312604713616175
data/All/MW13.csv,0.3317352192484281,0.20145464626697895,0.23431838896590906,0.03646635226661599,0.18329008969938643,0.12840757993755159,0.5798339375039538,0.5751411890967947,0.26180321710890175,0.6314991286396223,0.16811488860094903,0.28731447588842574,0.6240562910372416,0.15838638034145724,0.5424141469124586,0.055791951984357935,0.49086015827367235,0.280001485094999,-0.007668273086072319,0.15838638034145724,0.4726899835541388,0.2002951493893096,0.33441749588423786,0.3551199910697441,0.16107072509050546,0.3475972458956511,0.36973243037376435,0.37676737531883153,0.5837669136335465,0.08530270916738747,0.2002951493893096,0.3324075061624744,0.5016012587083163,0.42335510480917216,0.19685205376017612,0.33189097340207163,0.33189097340207163,0.29194085977458495,0.1577052133662349,0.025932280593700563,0.010362810426572722,0.533631151486608,0.4789255067912984,0.15599914534733916,0.2203634113884756,0.22759520526514843,0.5189799043195814,0.31123824159679025,0.24338799549776924,0.5746067284411596,0.00874321409589296,0.03261776020410567,0.1994088814920586,0.03255884418001154,0.39965176491533816,0.22585599082807006,0.36973243037376435,0.2157064459139253,0.09865273937732821,0.2540704764912147,0.4803176355816663,0.24775778882837618,0.2852662660059063,0.2852662660059063
data/All/PDE.csv,0.23190885550495988,0.1841515240358622,0.11443167670412091,-0.012347508624410142,0.2369328722118268,0.14412117702417948,0.6612886665807355,0.6081072610917155,0.02442019283796293,0.3383388597381386,0.3143914001692455,0.2859510223288537,0.6703694635875546,0.32205492201619745,0.602855234302725,0.6053972921486432,0.49778132521570817,0.23638049675355755,-0.008002768042547626,0.32205492201619745,0.6024635992833174,0.19590010664292634,0.43973303519445806,0.4179335519013805,0.1653184143512868,0.37306213326132187,0.403783837774102,0.4252818211197462,0.6236386584597843,0.05113970754688735,0.19590010664292634,0.47072445127730256,0.5391794449799253,0.3944946805189872,0.24490803280953677,0.26984665005688035,0.26984665005688035,0.3615322350377297,0.17614640341156051,-0.012693294449490411,0.04955424538734565,0.580077747276842,0.4428969268559102,0.4302819442640188,0.23452891688998878,0.34053848508243356,0.5042703710340941,0.3249755484961726,0.13350782118958726,0.6150884898827195,0.5034183981387893,0.6848582092165373,0.22497964658007663,-0.011251544521976853,0.42231019133399106,0.6775233223548576,0.403783837774102,0.36729854056212363,0.18473656122288595,0.3643873686317155,0.5557917223143164,0.6769620533370491,0.3540966170835089,0.3540966170835089
data/All/Safe.csv,0.18301492641627737,0.07084508696108938,0.37216526434638897,0.2113479126171346,0.07582233265728766,0.10315561183739796,0.18124146279666786,0.1975745103276747,0.18891089636518588,0.21603090231675726,0.23104554680496558,0.08652804783265511,0.1863146488649785,0.05355293623096857,0.310805859572874,0.30674774849121544,0.27270887358829166,0.029978030436120573,0.17291336379539346,0.05355293623096857,0.7619163575616316,0.027864849594474217,0.2682608411093603,0.29325595608428134,0.2754782892082358,0.2838898058522833,0.1856330605190496,0.4441659845064593,0.6589313893161821,0.40779071131867695,0.027864849594474217,0.2347855290010642,0.2696087662683453,0.06988077789284619,0.04331522741834759,0.02276781181167964,0.02276781181167964,0.41511790535068205,0.2712881224471354,0.18846210226924565,0.15943868696822439,0.4444761632189109,0.11962092184327622,0.2939878687422105,-0.014778929833959675,0.811606952966401,0.22360673929004915,0.6431610827689129,0.25275587005590716,0.1823551662586237,0.18593592676351234,0.18330085829430443,0.5366842380139275,0.21800839409116857,0.2726028110905102,0.17451789581016053,0.1856330605190496,0.13970044837814366,0.1000603399050437,0.24997823823565923,0.3641415848347712,0.18062828735613,0.29546392076946093,0.29546392076946093
data/All/Zxing.csv,0.1961420483360603,0.17300960258714704,0.09405347030006417,0.01791496483195465,0.2089269833995533,0.0734953176393871,0.10451074459167398,0.16096411276139766,0.1926331279119402,0.12169677500033182,0.20319716292715406,0.17219992452503385,0.12121538711816304,0.22039120870214812,0.1860570073178487,0.07115722715568107,0.3399270925888763,0.15989543435540532,-0.0066429204723444935,0.22039120870214812,0.45574487834884325,0.1375013150115818,0.3893405593148329,0.18857506454959583,0.08813247052199524,0.2595479912509763,0.24788474987731035,0.36904777160542757,0.539741665607058,0.09252521965090565,0.1375013150115818,0.23430504500300087,0.08131575360803134,0.29064716773700916,0.1873980835868292,0.21441249924262895,0.21441249924262895,0.05912597934610786,0.08290284807746295,0.009402829261119239,-0.007767701382745518,0.23172547937596177,0.321746134167745,0.10881183962248131,0.23754225708609666,0.21716240646735585,0.3409261312536209,0.23844440588286608,0.13400543091837935,0.23247959095067472,0.020843194646032348,0.009342606549548771,0.15053523375867028,0.02301782980098155,0.2687889475237826,0.016729137023128393,0.24788474987731035,0.16963750537054567,0.08859256027020479,0.19809674552840195,0.4368377490372304,0.017351722941181702,0.22637824398261208,0.22637824398261208
data/All/ant-1.3.csv,0.2596253456861404,0.328386219162474,0.2573335812793901,0.34841139716678604,0.3294411072954604,0.22703746523787904,0.6559564228542856,0.5862356153737258,0.4357967445508345,0.5500968458292532,0.0595233395018584,0.15603658986710212,0.6382597803044519,0.049684730733551175,0.5932098394472329,0.5553456142842829,0.4201728277599347,0.17182244151255865,0.1266104567816888,0.049684730733551175,0.477406779722389,0.16320229423288846,0.45263787271690537,0.5016995437238191,0.4639673788603247,0.2836879931933006,0.4856726916119617,0.3196532082988236,0.5456827298671253,0.3704603169535874,0.16320229423288846,0.47356208471981887,0.5049615089671381,0.24950382501808865,0.3263124461739876,0.2486346134925752,0.2486346134925752,0.31061376524054374,0.4144204687732095,0.3121933644589642,0.19660152848429246,0.4914156491774807,0.3289629829375543,0.3031639002821933,0.19990848251724724,0.32740735059142334,0.521161696911074,0.4024097724911275,0.3031491805124147,0.5857186999767445,0.29840790122145255,0.6569358187306964,0.34939226830158054,0.30981448029854786,0.4667322361231103,0.652143078517401,0.4856726916119617,0.07942098081507365,0.3000281513610711,0.3424822451701629,0.48103617807215937,0.6418274000597783,0.2272101621889635,0.2272101621889635
data/All/ant-1.4.csv,0.20271106446475629,0.22788670065165184,0.3045144360820504,0.14427137251192101,0.2053036370347172,0.2574574670503198,0.6152758593070702,0.6079539127665197,0.3515387945575217,0.6321280239722857,0.10747638419887606,0.3264069481777111,0.5603523719492381,0.09414197268285329,0.4846413411206131,0.6305799835126551,0.5716470839049111,0.20815363296716838,0.03728076097587729,0.09414197268285329,0.47059000316334343,0.1896580317398059,0.5012893072419857,0.360700193970813,0.3514045164673901,0.3164147401896723,0.4042672128048316,0.34830619483681113,0.5614010976552095,0.15745813321636093,0.1896580317398059,0.364151491108736,0.49602197409992344,0.38743835555373274,0.21075586654873202,0.2247712416128782,0.2247712416128782,0.10535872481384445,0.2182403706210364,0.12420527590618002,0.05357269818744004,0.45263748897800293,0.540276124422667,0.06858142787892074,0.23131843136202312,0.20215862991315048,0.6165857548781121,0.35742694408466547,0.364783322854055,0.5867902361502617,0.3868827422439586,0.6256327352405964,0.22240391449398866,0.1274114146695947,0.4542146199255743,0.5979454075943966,0.4042672128048316,0.1161380772513686,0.0897410824230096,0.2840736005266026,0.4767417841929761,0.46329764219899305,0.23553916391516128,0.23553916391516128
data/All/ant-1.5.csv,0.33656914349552514,0.23766988287475366,0.21466470473415522,0.10120666908762499,0.24084226417850474,0.19011166350486597,0.556132581928682,0.49401726570271043,0.1982600783306162,0.5979494327084875,0.15588872799889442,0.3100332553672598,0.36110245440864486,0.2614985541054968,0.35322086441979517,0.49289348085461004,0.470499800909185,0.23544415222963433,0.055606131607235154,0.2614985541054968,0.5052857040515947,0.20819289770250993,0.34488554950047945,0.30004906619767113,0.11896252349479253,0.3565027961025441,0.37871976933333273,0.3751461671236427,0.576559639761467,0.1431990648540047,0.20819289770250993,0.27022161325296845,0.13396098125080358,0.23804314691023132,0.20719399180117715,0.30067344991311895,0.30067344991311895,0.29164516361171733,0.19212798402327902,0.09130165627446729,0.06263055133281159,0.3575089005074158,0.43617270691689536,0.04974689007998845,0.22858420461234896,0.1379112542035008,0.5007754757872502,0.2984682508983427,0.23937406980134912,0.4929275063802535,0.15264361276872973,0.4757523646515519,0.21274207328175687,0.08266386416197502,0.392231558344899,0.4546736383818426,0.37871976933333273,0.23477028160949232,0.1606719281516037,0.25830275850424766,0.49206397215046893,0.22590118060198172,0.24650749720951726,0.24650749720951726
data/All/ant-1.6.csv,0.26781852650311266,0.20070617533713797,0.15493967654537077,0.0016820787153449812,0.38637263771534003,0.1246152517066148,0.5863822457808856,0.5588589759676735,0.23405743390814793,0.6385895335132223,0.25532923428508725,0.23975674635377975,0.6341786352067427,0.26990123558875345,0.5479934992453233,0.592913461072036,0.4919295972962632,0.23516787866862587,-0.009879500164773902,0.26990123558875345,0.48987816723991384,0.22326830055770086,0.48628788295766345,0.27305406862606174,0.12219764534486488,0.35335423833812707,0.38002047871194067,0.40369461725636435,0.5982529389626586,0.1733878315373003,0.22326830055770086,0.3261445273212169,0.5586323712003172,0.4039509718794735,0.3411255114837325,0.3219674528552484,0.3219674528552484,0.3112857211149437,0.1557538692541185,0.0017166951417429965,0.07752214013347158,0.5654689353888259,0.44052851045017793,0.3327923256217996,0.218001924908097,0.2193186969350922,0.48070383786803283,0.3042843607939143,0.18069294712699568,0.561038815691163,0.5641102419497662,0.5636101280565166,0.19458952181806555,0.026658645220406285,0.3974067919831066,0.5784855201985813,0.38002047871194067,0.2435644781004902,0.1369970681095377,0.2677395973614006,0.5276934423632408,0.6378013809798495,0.2971688225520279,0.2971688225520279
data/All/ant-1.7.csv,0.24405705271768752,0.18997153347541906,0.11868615903470103,-0.00965831575447662,0.24765491415791396,0.13168625356853103,0.6405926333678542,0.5922950642933871,0.08102204440304606,0.5508266516268339,0.2916702844070663,0.2701927928650376,0.654358533682114,0.3031817357463108,0.5962378269468382,0.5625530328942163,0.4955629749130074,0.24760007462593536,-0.008141587055597976,0.3031817357463108,0.5566989053382282,0.20941115947638134,0.458274225908902,0.31252140262803185,0.16052367186981553,0.3609605103380068,0.40886598405105423,0.43979164078304356,0.6163905913557258,0.13548601830575757,0.20941115947638134,0.3739157856332843,0.5090780480928236,0.3813120637431484,0.27655502361865203,0.28108604573021023,0.28108604573021023,0.3433538053227253,0.12938114483115792,-0.007132163948572634,0.06311498162521945,0.5667654180458142,0.4248302431506966,0.43768549623497455,0.2044325643093866,0.2183702584571553,0.49295766834506316,0.2945721438280976,0.13857239411518307,0.5959761094634181,0.5294519712914062,0.6217044894010879,0.19542657985568024,0.01616400280276631,0.41012873243853776,0.6307373164891656,0.40886598405105423,0.367064403523814,0.18681234377729472,0.3347490703147463,0.5455946482765319,0.6498846935244909,0.34145569846990675,0.34145569846990675
data/All/camel-1.0.csv,0.24332630737602456,0.24851158174100363,0.17132437676934598,0.12989213433087965,0.27308359666164184,0.17273486983158648,0.29446640989813644,0.5139828387327557,0.19363812122266133,0.5524818479811301,0.24200631123916538,0.25840928838887234,0.5247330904067443,0.23813911478384853,0.2894493279545616,0.30446117349277746,0.48979861891022713,0.22234960791816405,0.0969180268777372,0.23813911478384853,0.4634850070067137,0.2312801743125844,0.4068249253270064,0.23304255137400154,0.21044857734483058,0.306265524655173,0.37330588479245386,0.38003902539228207,0.5744702578869927,0.17432257857299094,0.2312801743125844,0.26300492313202617,0.3768231319746915,0.3509884248929739,0.22167284187516278,0.30756007079520875,0.30756007079520875,0.1685889357051935,0.13960276790187542,0.12055011768466595,0.10558366156034804,0.3787152082108658,0.3819676760606814,0.24056659009464165,0.20698353162802874,0.13042781606909837,0.4865316184045947,0.2794430782384819,0.21352927515819187,0.4213231326125009,0.1664870359457593,0.4959736596083606,0.17155886503610684,0.09479168400615112,0.3778691976966665,0.41004949716203465,0.37330588479245386,0.26627237627828204,0.16652251249556393,0.2647126839198344,0.46701737695202383,0.4108061176277267,0.25601442730236457,0.25601442730236457
data/All/camel-1.2.csv,0.32452810544723,0.31576323022368913,0.21528626046611588,0.3879557326993366,0.3081429397273081,0.3074659519925076,0.5530500690764425,0.5892593810991807,0.1535130688125681,0.5986379489174557,0.4107002335960369,0.37256318660440224,0.5756170629871874,0.4278102011916103,0.5811960795548629,0.5238400309854213,0.4914873211839933,0.31474123922009534,0.43071517658767344,0.4278102011916103,0.5198260185002145,0.3257691057185831,0.517590227545226,0.30170092956856875,0.2199220252946823,0.3337102886431689,0.44801892203752647,0.3888153324810347,0.27210046264080856,0.051343123648083466,0.3257691057185831,0.34816388025067924,0.12414602043066014,0.387712939367052,0.292090110860143,0.3645055303240091,0.3645055303240091,0.5723953523617813,0.2483452321630626,0.39265573138784804,0.4780690383869822,0.4915776630479446,0.456127033209766,0.5589903947913607,0.19500471854140555,0.5341085249355668,0.530029001934426,0.514559980354133,0.049901530520158666,0.5621171844884703,0.5289396535178416,0.5911069648796421,0.49463475922706857,0.21158301922153389,0.4695349880334605,0.5950303807877464,0.44801892203752647,0.44163293489178745,0.3341085732891901,0.3685832927012378,0.5047654930557226,0.5720402030024216,0.2920592341090734,0.2920592341090734
data/All/camel-1.4.csv,0.25871114751970925,0.223344010761528,0.1076175972982234,0.1525337578506718,0.22939900502787913,0.12066698996439151,0.543039109624348,0.582238708168957,0.04022354883028223,0.562607563208004,0.24336232073081565,0.29871637535931383,0.5572837198389436,0.24491462824256105,0.5594941105289974,0.5201033610188016,0.4551770927848634,0.20971411584964594,0.20776393391935288,0.24491462824256105,0.538455332853529,0.15456562211348923,0.41399591937294,0.3364116230163485,0.22853525416291287,0.3484597357255873,0.3521682136139547,0.4185319018318093,0.5125063091037544,0.04564432725138312,0.15456562211348923,0.27649270610731724,0.2840432006734157,0.3504364568073225,0.22261539966189103,0.31087158687990724,0.31087158687990724,0.40774330356220456,0.123777692395028,0.15810240115283547,0.20932305874043133,0.06903024616630216,0.41245007807579503,0.40335722722893674,0.2046888874866395,0.3855224717533158,0.5142477244771859,0.22101236437912153,0.13883601697653536,0.5737915063163014,0.48621732449763144,0.5445185363541204,0.2550901222099138,0.04201385406924629,0.37671464291368784,0.5621959388192755,0.3521682136139547,0.27856292030450336,0.1380898959179212,0.3485849351181678,0.3260707467083561,0.5333228678661645,0.28797148101304626,0.28797148101304626
data/All/camel-1.6.csv,0.2350847407351918,0.2078404605369697,0.1137023551394063,0.02749437367440155,0.20233356949223702,0.12497366235108742,0.19978940253908506,0.5943807078773987,0.1534254077210534,0.5330610240636061,0.2596697072422842,0.2700370848803655,0.6532458215152996,0.282471755968116,0.49947381035990035,0.4921035264639617,0.4698838990076728,0.22215099915977177,0.046236426422429755,0.282471755968116,0.5637549718066326,0.20107231655875335,0.45771049191385715,0.28175068412572324,0.1585150075825419,0.37114935623462686,0.35884487439852863,0.424380866728466,0.4843461855628113,0.04608468296288226,0.20107231655875335,0.292081387128472,-0.0012354680416037933,0.32912006153982376,0.21991881258057866,0.28018363314156636,0.28018363314156636,0.3748860198174021,0.08564366568922799,0.026448499557521377,0.05479543546664867,0.3134468977351331,0.43506662786752615,0.17762977315922046,0.2220382424620594,0.31410422610358846,0.490289953891348,0.2738864160369454,0.13078165755523397,0.5638870028033651,0.313136683876,0.5393400667138455,0.21828701811107387,0.03613368525225402,0.38317853249604716,0.4915849575209357,0.35884487439852863,0.35546163415718446,0.15692615643735652,0.3297609550269177,0.4153937012991331,0.3230850707480769,0.29185098834588974,0.29185098834588974
data/All/cm1.csv,0.14055513781949647,0.12492925804092181,0.09772571663825136,0.13061012193857924,0.08757171522935636,0.060146531459366104,0.08514548196829996,0.1451926036824267,0.19037351604383224,0.16332125481813198,0.08592031179524251,0.11422889054846042,0.06715076661108288,0.15963823200167282,0.1207228955258437,0.13241301540004735,0.20176177590622668,0.1310128218389901,0.05365844332493497,0.15963823200167282,0.43711336675813495,0.07360551142247662,0.2827981268735321,0.27600279194090205,0.16132503872179305,0.2832777773493246,0.15405675166207777,0.3340292060897475,0.5409625518897251,0.19718588800797798,0.07360551142247662,0.150279699900578,0.1521440779688712,0.15140722530026363,0.14616140795805443,0.15753831395136197,0.15753831395136197,0.19952819090771978,0.15416132799682136,0.11536575533085547,0.02852068682497988,0.2824972528952643,0.19402055922033556,0.12237328119857871,0.2861037946084706,0.18089087324761421,0.21412314420306555,0.24995778013257808,0.1441918362315916,0.14228053530685503,0.025951780471539898,0.06358985984302001,0.1040189721509901,0.1016191683289045,0.17928556897321357,0.07196536533404463,0.15405675166207777,0.14374301685775392,0.06274533280356531,0.13032611475659817,0.4473001230670557,0.058283476458290684,0.20204553436719985,0.20204553436719985
data/All/ivy-1.1.csv,0.3122790739288106,0.37463094809711817,0.31844510686512784,0.4488067732495234,0.3794671289048641,0.22552569607283202,0.5746253345218609,0.5634521691576353,0.4122054635437342,0.5242496353400455,0.06366177708039245,0.14614461706798698,0.6577238994171539,0.11995615490982059,0.58968491178953,0.5196713267032201,0.48162450433281534,0.21404960849523857,0.22648081471814951,0.11995615490982059,0.45717039366982903,0.1685905321781257,0.0802442699172039,0.47857730515454133,0.48993994579814115,0.2814437674744732,0.5188156841826118,0.31523227397656606,0.5518388627292272,0.5387213875564694,0.1685905321781257,0.4959007185992036,0.44737351070153464,0.3111900296888017,0.36994803755398276,0.25293020612954087,0.25293020612954087,0.39687761705137514,0.39524598932239063,0.4360523605333768,0.32150385458307884,0.46779362218315657,0.3546239731184314,0.22320451212148862,0.16240759805812932,0.3562159157933993,0.6091574214774731,0.3734559736534082,0.24622933968324157,0.5656314430696895,0.10809051625403132,0.5924140476788851,0.3025320018528219,0.4307054825613343,0.4338754802327158,0.6323536913207919,0.5188156841826118,0.14620589489558866,0.2851736299248191,0.3444714149878868,0.48445767830381625,0.6336463624544109,0.2204481205884301,0.2204481205884301
data/All/ivy-1.4.csv,0.31729825286935576,0.24287551578673905,0.2899713718095648,0.08976012795920008,0.3075714882080477,0.18322924679534647,0.406921355618417,0.5135759444738429,0.23765178873611925,0.541998202433736,0.19870718993560388,0.29182738520110885,0.3130238973090995,0.23063541957473155,0.31603306565307965,0.543391688202498,0.5007856791803719,0.33944946657475894,0.03654108083724528,0.23063541957473155,0.48282858548852237,0.2463387971275608,0.4649218544302608,0.3941416538478971,0.2950760287734475,0.36454263843021495,0.4019690889589316,0.385366154003133,0.5916793996362023,0.09494445372188953,0.2463387971275608,0.310531192105847,0.1859441616924935,0.25078050759724735,0.23360722596298078,0.2617754022111698,0.2617754022111698,0.2987794065177164,0.20136614307323575,0.07578623655743766,0.045689542575815256,0.3556115118358284,0.5019467334313964,0.1376177992669888,0.257916850506405,0.2709285138718178,0.5233677065238926,0.33960575410578786,0.27949433831705073,0.46068126245126595,0.17916506063609616,0.5551066468522724,0.15942547701141274,0.07771703051436973,0.39276733702242816,0.5378537503108083,0.4019690889589316,0.21455407678436167,0.14422408970841438,0.286465981272922,0.4821322444728543,0.3483391699045253,0.22820814798389344,0.22820814798389344
data/All/ivy-2.0.csv,0.30062027752701137,0.22813178792724464,0.16475597761065952,0.026819926861466836,0.3009429336476461,0.11652412405630364,0.5106609430618521,0.5578883586290421,0.20908289834970673,0.5682309218747983,0.2584023328847297,0.2374610641594197,0.645149326888371,0.2670442042531145,0.44805352722305825,0.5555899835873042,0.47211245866470175,0.24479890569643392,-0.004647981518231092,0.2670442042531145,0.49261577691868386,0.23864476273401058,0.4764012112572841,0.355414447450483,0.3111149875161042,0.36640792040610115,0.3634405758870013,0.39470166017513597,0.5784766482599734,0.06417592870736488,0.23864476273401058,0.2527748775635803,0.2800576457016666,0.3861347971261201,0.17514229303714912,0.32254616938248193,0.32254616938248193,0.3159097934006524,0.1610376621859606,0.01930411621389294,0.0151255939471584,0.4143998641044333,0.44678433191970035,0.2145414767335011,0.24799448977410576,0.25115169134139814,0.4925168045302115,0.2954701208286262,0.14130410348716527,0.5344159975838285,0.37395075539413203,0.5368868113713898,0.19677462845351767,0.024412900565417894,0.3821789367393056,0.5419975923981837,0.3634405758870013,0.26132621136818623,0.13379445374233323,0.2584126614066592,0.4911358599594895,0.6190239420189949,0.25472054192913995,0.25472054192913995
data/All/jedit-3.2.csv,0.3419792589549424,0.20472220000253416,0.21927958923019397,0.02663221316291997,0.23310374358922725,0.1410117238582118,0.5808018377999173,0.5794573942382547,0.2396190729437725,0.6330599749906645,0.1951385027300716,0.28902327164845265,0.6324382453576068,0.19174187333827386,0.5365108395019138,0.6208866272120381,0.4978188822012898,0.22292594000747157,-0.011253875832102356,0.19174187333827386,0.5274574930644345,0.19375344951587625,0.4843720311967872,0.3619071279561977,0.15004156600584917,0.3538890262154484,0.3752040632173188,0.3885787071577619,0.5905227946215268,0.07589564923523295,0.19375344951587625,0.33491782900137945,0.5689665554206038,0.4331736808883654,0.3060666444542386,0.2680298399426915,0.2680298399426915,0.31437388830715673,0.1763193007307755,0.01925178768195024,0.015888213596473744,0.5565411461907324,0.49175422555955084,0.1982172263148967,0.24466960876376975,0.2368926091489223,0.5221069418358616,0.3148046508327347,0.23042363387578668,0.5779783473672111,0.30360877543179454,0.5918771913359244,0.20240462137008397,0.027220933417118065,0.40498317467516287,0.5883191702308258,0.3752040632173188,0.22101126178344266,0.12434641029320559,0.2592038800190797,0.5093846385944617,0.6445054467348046,0.30144759469807825,0.30144759469807825
data/All/jedit-4.0.csv,0.3361059192413458,0.22549096885269304,0.2339446791505274,0.09655555415412509,0.36333403018049604,0.22493244676703494,0.562463226579581,0.5771657302101967,0.2787619079824115,0.5944369205239259,0.2964327480862786,0.2877382120360369,0.591181385976921,0.31618517201624274,0.5646399142266025,0.5906390769817791,0.48527048132746164,0.3054263413248449,0.011529601338695739,0.31618517201624274,0.5178960183010632,0.2542671278257348,0.4807764604173933,0.2421757114997254,0.12497259968790975,0.3438117852209862,0.38139711548206456,0.4101661294890495,0.5921661213814607,0.06009986702740666,0.2542671278257348,0.25677888755915024,0.5533083138718702,0.41527088701794823,0.34056619820378875,0.3393814003861385,0.3393814003861385,0.4720798375769548,0.3269876409781479,0.08763252979360947,0.10120158203044705,0.5655026390288153,0.44573007103028905,0.40481449961741944,0.24587745300488573,0.2616160555517494,0.49989901380538715,0.2970987636078398,0.2312353287559672,0.26287224730380265,0.4838616853115799,0.5764613063525457,0.2388665521864708,0.09548482904491207,0.39913579275623257,0.576593762165552,0.38139711548206456,0.2846898103392361,0.2201183549191852,0.3354534977637137,0.5337366127606598,0.5898458894038139,0.29157971186408205,0.29157971186408205
data/All/jedit-4.1.csv,0.31243228628635333,0.1912565121597386,0.17932670308134113,0.011176876196235641,0.26332933938711534,0.11120427665671462,0.5653280103064987,0.5635394258563016,0.20905513095816608,0.6136322797379054,0.22107154687325992,0.270249622525931,0.6590025293929914,0.20123497588872497,0.5539535843502721,0.6199988669496854,0.48291293981225436,0.23860833579665253,-0.00906532441913166,0.20123497588872497,0.48276243806155306,0.1951944399806147,0.41456633477311244,0.36129496905626735,0.12294672829414455,0.3523938332926634,0.3691163761643268,0.3948133521974625,0.5934008475009765,0.06728417659777275,0.1951944399806147,0.3278500507402118,0.5708356725658319,0.41274508738856486,0.2751946498540624,0.3057914133578381,0.3057914133578381,0.30695167761188513,0.15737849936364467,0.005211483041474008,0.010917596900556603,0.5609161020807365,0.4680047841779269,0.20519095180564573,0.22214261722668915,0.230167952303322,0.5009905578398285,0.3056554498404753,0.19346257251315369,0.5770722993533796,0.35534746705675746,-0.010353918969940756,0.19320870680107594,0.012062624829242585,0.3973080234161064,0.5862125929180846,0.3691163761643268,0.2276638177772986,0.11259504023253686,0.25455204104068807,0.5034883582593572,0.6318052739919293,0.31435668631825053,0.31435668631825053
data/All/jedit-4.2.csv,0.24696456301751635,0.23118288802893838,0.14943996603124543,0.07661990379983985,0.2704901657047273,0.15343700293717877,0.4484154816454413,0.5569494841796961,0.17843980996683295,0.5645715845420329,0.23334786578275357,0.27018001279498727,0.5844608478148802,0.23889682132348344,0.4193466277893151,0.527916132972994,0.43120147108786877,0.20959095561805896,0.053486014135404325,0.23889682132348344,0.47885502380690326,0.21460011658558242,0.4504780212550027,0.23974215767519347,0.12695402525339194,0.3482905345858315,0.372833402441864,0.3886169124514117,0.5636321494121362,0.060867765870886714,0.21460011658558242,0.21132775834616857,0.16371482840379292,0.31161890393335856,0.20743607987303614,0.31378455727439636,0.31378455727439636,0.30171539441444994,0.0994733863022641,0.07451956841636975,0.06864641294047336,0.40225598564535925,0.36259279036282743,0.11341038906687406,0.22460055922024713,0.24139429302176785,0.4876782127096183,0.27987463791328193,0.06798086207746334,0.5569254366047954,0.5316122971803028,0.5332577099629943,0.18967184266051773,0.058003383599037894,0.3836807585988977,0.5574616976700264,0.372833402441864,0.26477357258592304,0.16346524518783334,0.2965605149048812,0.4866131885078163,0.5612165394266748,0.27593523899367944,0.27593523899367944
data/All/jedit-4.3.csv,0.3419656647277741,0.3187971978874049,0.1650254864057924,0.26022112905723327,0.2381370446273351,0.38258118223723425,0.572054627268955,0.5809614957974961,0.035092198383765094,0.591131764843328,0.4017378887557096,0.32656899835357556,0.5467468104457014,0.43403941171006777,0.5229045376491729,0.5905155281182417,0.5316368935086685,0.3416509387933926,0.2941732545582635,0.43403941171006777,0.6138481009052562,0.34890952196475367,0.475359878532832,0.49121104117525827,0.1539338615144269,0.3906077948376272,0.3982874072094693,0.4391873536192632,0.5406642588914236,0.17385607948366577,0.34890952196475367,0.47539855735668646,0.5378319660279683,0.3119562580000368,0.2784621369590389,0.29226305430825594,0.29226305430825594,0.4986559037233229,0.35151102131495826,0.2628550869688545,0.3225832417467289,0.5752992699443698,0.49514941311059424,0.5037497960346037,0.1629277777213729,0.4520051493171817,0.529239882572841,0.39180511026632603,0.16474205236157347,0.5758208982767816,0.48721226173355947,0.5759916105442124,0.35531774019910867,0.14792892515074485,0.42456905913988285,0.5766533669829627,0.3982874072094693,0.42322237932547424,0.3765019207675139,0.3304275073128743,0.5469066219344144,0.5592159221707417,0.3658674344912106,0.3658674344912106
data/All/jm1.csv,0.1210458351880841,0.11273831823541736,0.12459764785248761,0.3076844767287149,0.10935128778261616,0.09934163812981622,0.31459980213321714,0.321236867862125,0.2209745100629309,0.35463382837903146,0.2156081466815608,0.15341047280752784,0.3075744622258203,0.20000453348261515,0.31875227836112874,0.29301930315140345,0.2226212173149662,0.11751501788924101,0.2566753749094418,0.20000453348261515,0.2879271538199347,0.11237466957377573,0.25654756853934435,0.2506345601768324,0.27906790997878117,0.12621273036763347,0.15523731041324362,0.027870586639314965,0.1261682228707972,0.3689386850435924,0.11237466957377573,0.30012229084753117,0.2261341000199134,0.16339739434025446,0.10425480934468023,0.14624627055224515,0.14624627055224515,0.30932960386131225,0.24697265755559794,0.2992513340984172,0.2526769346690966,0.22224013336113957,0.21735481112480604,0.2755476701874311,0.2871199329535856,0.2637263841245733,0.24431337699608147,0.1840114791942692,0.0711153945330536,0.13278413375208076,0.2315258423774369,0.3230593491555356,0.17086910069547434,0.27276206249680035,0.21264905264415435,0.3386616604870484,0.15523731041324362,0.23015757975677853,0.1815698521488427,0.07989361779514548,0.18791722117089016,0.2804486724340418,-0.005450050667354489,-0.005450050667354489
data/All/kc3.csv,0.23941268785530745,0.12219492577056656,0.2647884552573587,0.14710963060438476,0.11471014675879876,0.06186516236703565,0.29611433529394326,0.15815030799899432,0.3617357225357337,0.18800816961296585,0.059228833937202574,0.22821397574816837,0.032560619573307914,0.07423122599453191,0.1166358812481525,0.1569268773230743,0.40107866466109887,0.13063295759083637,0.047039791490436134,0.07423122599453191,0.35795991557842566,0.12010014163274407,0.13744526478217234,0.3107283178639366,0.184178164119288,0.2770846937529282,0.27212965709957526,0.33721054390753535,0.5581691215449495,0.18556738555916863,0.12010014163274407,0.169925403451886,0.24344495248186293,0.31999084590428917,0.12940463555036175,0.23884055954288952,0.23884055954288952,0.16678739533999298,0.1782102643933693,0.1285986466778385,0.047700307839027234,0.373423308995683,0.3920377232036161,0.09258394154064642,0.21974853914923176,0.1967563586925417,0.4366991706388271,0.3000295952599501,0.2968560231302405,0.45106438050883224,0.005511854744182587,0.06363912624446999,0.145288779530092,0.12851016966080453,0.3253124859392307,0.06412765231352568,0.27212965709957526,0.10893157956034882,0.050297304913575314,0.18571472954316592,0.483031789396409,0.040047380797303855,0.2140464452520624,0.2140464452520624
data/All/log4j-1.0.csv,0.26618671675261374,0.29570197476044124,0.21902255506157353,0.2696917731790549,0.3036696905982337,0.26219325717133746,0.6684498645561971,0.6170704471189404,0.44050785139033166,0.5985615368715209,0.056725494988345115,0.18480012121542266,0.6576808165261214,0.03217230745243693,0.5820196095210495,0.5865395269992282,0.3906307563776188,0.20287087365990153,0.08303024141875892,0.03217230745243693,0.45646334926466414,0.16146715056614025,0.31410727172679165,0.4852504451441706,0.4284263064916859,0.2865565943426881,0.4889664542910199,0.3195196878231592,0.5522042065765361,0.28591137118028465,0.16146715056614025,0.48147441330885776,0.5256800505050352,0.2336776027430415,0.2908493388692298,0.22852136713651128,0.22852136713651128,0.29248621868461977,0.3256548809455325,0.23465146076955468,0.1479888526280888,0.49384361994551396,0.3394487166306951,0.16120886640701593,0.21680693928403272,0.26972746499597566,0.5201270108375069,0.40443154772844336,0.2969718171921568,0.613802112906302,0.04402073829806863,0.6567916596752561,0.29051152513763134,0.2512435104360913,0.47268841707611,0.6702786215546371,0.4889664542910199,0.08002010639845425,0.23477424660539192,0.3137481116526625,0.47873031841532765,0.6443183473088421,0.22791612109366488,0.22791612109366488
data/All/log4j-1.1.csv,0.2828394272208339,0.30254974253592826,0.2613175637998819,0.41582177998291275,0.3099637609242418,0.12625558806542503,0.5748149704777141,0.551293985391053,0.42577405084686926,0.5033889286916119,0.042078413287230054,0.08275726520798932,0.6542026366873961,0.08007134090723989,0.5724748249603123,0.4879265357956176,0.4254842556433239,0.147472907234653,0.19232654176492459,0.08007134090723989,0.5078269377427991,0.10831837802068633,0.3384540859952422,0.5079482965091172,0.5036319597069918,0.27963928167788554,0.5246319533534822,0.3133524772204821,0.5472569295034551,0.5480971951423907,0.10831837802068633,0.4979080038934848,0.44940320662055133,0.24001382998654985,0.2966056752421735,0.18695257308881508,0.18695257308881508,0.4066517598317805,0.4120567784760907,0.4349348211754618,0.3381826330951826,0.4587602004063004,0.30200515361472036,0.248139056992435,0.18182606485111752,0.35377062118813984,0.5276002540461562,0.37047051037068646,0.24423888527954363,0.5531964302479419,0.3355957915739681,0.5982423995227006,0.30627769386964576,0.43096642711157274,0.39399858812684485,0.6311275757537853,0.5246319533534822,0.05319098819679535,0.13888926013614955,0.3499587899086648,0.471690605728339,0.6451163809588569,0.21547363333439762,0.21547363333439762
data/All/log4j-1.2.csv,0.26184942269391354,0.22928160091729766,0.34096314857826693,0.07763379834888229,0.23253852196181257,0.1364108375438644,0.6207175085922179,0.5998253341171382,0.2590876486938294,0.6497786939823381,0.13325786355091152,0.33720220237678633,0.5863368985249118,0.12022440304671023,0.5313645150950906,0.6277363092996027,0.5331860711726737,0.26726232711459597,0.005170650938034593,0.12022440304671023,0.4958213645981656,0.21454875315265698,0.3862038585737393,0.3602434265275106,0.17343011968926303,0.3280842184733098,0.3872663252519314,0.363381777579286,0.5657797343235224,0.11575675940352603,0.21454875315265698,0.33671667815188133,0.5656726222145767,0.4616908722970029,0.25734605764784135,0.30462166168422755,0.30462166168422755,0.29685339721847104,0.1912865335781816,0.06397703406656219,0.02240722734195555,0.5312205212349527,0.5278438808005487,0.14364908143280197,0.25549833344849393,0.24480795741196415,0.57250596212898,0.3243805446630601,0.329871947782455,0.5939631403595842,0.014955641240955497,0.6258078519931524,0.2232557844041727,0.07203612228921841,0.4176823863549687,0.6307872202391254,0.3872663252519314,0.1269474538577432,0.0961861393189214,0.2682202875362899,0.4797802314564762,0.5905060604813881,0.22726425492132618,0.22726425492132618
data/All/lucene-2.0.csv,0.23870194806472933,0.2359880542676519,0.3435947909324333,0.08596867478690051,0.24302392998035105,0.2091948132246344,0.6401341157403664,0.6035161090906397,0.3392466171190732,0.6529487625811872,0.12034683165746574,0.3234897441496316,-0.009310732805512312,0.12838630431114706,0.5515880046460397,0.6556069612961845,0.5402522037209774,0.30942671075742,-0.006906443848312294,0.12838630431114706,0.46465687296431724,0.2252958490503334,0.5247866597824468,0.3572586732509817,0.2804995898031136,0.3227489562197531,0.39364580386231507,0.3603672329705728,0.5739011232366727,0.1251480750092444,0.2252958490503334,0.36181821602646613,0.6035280834532193,0.48785420629144893,0.2617237540515871,0.38408666426098215,0.38408666426098215,0.26907515729067244,0.18193354741043355,0.07098136271488376,0.042233954598823065,0.5524399914606131,0.5223420324847329,0.11598006973958286,0.23848911743453494,0.22781632271296393,0.5687800941824438,0.3384899258546632,0.35447889614194417,0.5964849949736637,0.23194176856678572,0.6564029343464775,0.20705348832082293,0.0930375573641945,0.44235738565109917,0.6286609189495058,0.39364580386231507,0.1792935811265739,0.13601081700385664,0.269658474582098,0.5003632236766301,0.589709102518178,0.26245017040581065,0.26245017040581065
data/All/lucene-2.2.csv,0.3338231782624167,0.2594473450979271,0.3174777096100352,0.1268475601494351,0.25415696992454206,0.245689108921482,0.5501915063834015,0.5791173409625952,0.28731196139963744,0.6009203134693827,0.2876080072403998,0.3128297407398719,0.5543658078559197,0.3011172273393826,0.33281022240738667,0.5971834070360427,0.5029965203787815,0.34763088165244826,0.015224397041400772,0.3011172273393826,0.4873931255522401,0.31949877932557036,0.4726746543111745,0.36225837887915524,0.19563552875168144,0.33168936848398556,0.40235363571043614,0.381188033466919,0.5868804213345208,0.089072281406811,0.31949877932557036,0.3003975578584078,0.5084948978128369,0.4130216847567082,0.2241828376986894,0.3320345270664241,0.3320345270664241,0.3081747451837191,0.27732800501262356,0.1186629460230555,0.08752429317734922,0.5350629362723062,0.4741906450791442,0.3105354403953633,0.17500119289077554,0.21359471034760147,0.5355190649848932,0.3134822222521525,0.28011175295958013,0.5707505486269083,0.49920502622167046,0.5614523842254462,0.21830005273608588,0.1261704486129216,0.4255837180211197,0.5575247009797919,0.40235363571043614,0.3128160691268944,0.22170756928712299,0.3113337126302136,0.5030183151864382,0.5540019443455622,0.2895812277286225,0.2895812277286225
data/All/lucene-2.4.csv,0.30563639554363375,0.17704947340553578,0.17166371277217496,0.0061248553766841685,0.24975065655797635,0.1748716924531405,0.5593993291994221,0.4681440766953091,0.25826876560600154,0.592271946008903,0.2485306770826986,0.2863875839206693,0.6035611318354618,0.24409164010854179,0.5699416381975613,0.590388636820179,0.48300957365341124,0.243585939073512,-0.005142338099302535,0.24409164010854179,0.4974628356149877,0.17106013353765093,0.48803195103388675,0.25195699618766265,0.12693853548801703,0.3538305007836293,0.3966190053591031,0.39988874017528764,0.5957765698925491,0.06464698467915042,0.17106013353765093,0.24983040284026936,0.549236252226366,0.4125402464229052,0.28453004862163567,0.32283433382521665,0.32283433382521665,0.48504551061571133,0.23324595291338657,0.008649781001648371,0.07905431629171744,0.5607169632511628,0.4194881574252577,0.3297904321633226,0.15439566810676097,0.2525142345233645,0.49452556784806334,0.20416804193972782,0.18774269145146338,0.5769015851195882,0.4533848305317201,0.5688359766899019,0.21395619035517588,0.08883999577743995,0.39880679038070443,0.5795042863540947,0.3966190053591031,0.2781869487166465,0.17762386281072673,0.26313709327634227,0.533935197459627,0.601043260256894,0.2953574007873565,0.2953574007873565
data/All/mc1.csv,0.11513129935867361,0.12718862546122311,0.07133304446833,0.16494512585249044,0.1293712856416327,0.10713781047063786,0.19686870861824246,0.2366139139913661,0.2076277042072926,0.18777983568605094,0.23339618816972885,0.1529715536081273,0.3067017242850457,0.23939860998078144,0.290758430168492,0.19844749856964028,0.18284109138797322,0.1420170805627975,0.15160506663884055,0.23939860998078144,0.44706545900796546,0.1410259959916298,0.31621201873760396,0.22545094287482392,0.23485804831480905,0.23151374008788927,0.1106770006857627,0.19586730760449422,0.3041440561111568,0.38303111932605105,0.1410259959916298,0.1638680187658772,0.17568092982677896,0.1206332406992735,0.07544271345598541,0.10696299319554059,0.10696299319554059,0.3300873374498827,0.1593407477605202,0.1590697517797045,0.13739561128665934,0.20065995599898434,0.13434700029068858,0.2923247050284209,0.24729366170234468,0.27740698859167623,0.21518237860748735,0.17889468383603846,0.0438671055990576,0.2126504925127788,0.2558565248344584,0.24349408947000328,0.11541321577266883,0.1611241864472307,0.1135042763987073,0.26101796186897686,0.1106770006857627,0.2813038431189878,0.14606557575724033,0.09446275294203832,0.27651492836254143,0.30465313094118174,0.14443634533592842,0.14443634533592842
data/All/mc2.csv,0.2505978010521026,0.32774012747215053,0.2206209728068821,0.36727510062078694,0.27203682915055505,0.1733814147236319,0.5503590111270316,0.5358090368203569,0.40447455964351764,0.5146387538507634,0.023581297166729742,0.0885205136459778,0.5756466548241621,-0.00405702216695536,0.26613043035649864,0.5151220010987257,0.36575468477243667,0.1280730515669365,0.17779711511285679,-0.00405702216695536,0.3631702023846024,0.15649733445563763,0.15220607639685269,0.47912525546631435,0.40074755158896347,0.27752820762876396,0.36864052532931657,0.3111700860126455,0.550494795397348,0.2708033742485284,0.15649733445563763,0.2768090849371707,0.4467784703832872,0.21490380807915843,0.28248761518098764,0.2312888964520472,0.2312888964520472,0.2852553763044492,0.39248716786789983,0.336760796706825,0.2160915274502142,0.44889344479311266,0.27581028509288275,0.15667969012079197,0.197292912875772,0.28677646313834415,0.49412584875471455,0.35805916965204054,0.23925923776588864,0.522891938284106,0.08778868082943947,0.3925778155902073,0.27950817189298716,0.3383500679472584,0.3319710704196285,0.32787958379955884,0.36864052532931657,0.04118293417445784,0.14297187484781304,0.2841135892202674,0.4783867678467598,0.12355268671191788,0.20182786266046637,0.20182786266046637
data/All/mw1.csv,0.3317352192484281,0.20145464626697895,0.23431838896590906,0.03646635226661599,0.18329008969938643,0.12840757993755159,0.5798339375039538,0.5751411890967947,0.26180321710890175,0.6314991286396223,0.16811488860094903,0.28731447588842574,0.6240562910372416,0.15838638034145724,0.5424141469124586,0.055791951984357935,0.49086015827367235,0.280001485094999,-0.007668273086072319,0.15838638034145724,0.4726899835541388,0.2002951493893096,0.33441749588423786,0.3551199910697441,0.16107072509050546,0.3475972458956511,0.36973243037376435,0.37676737531883153,0.5837669136335465,0.08530270916738747,0.2002951493893096,0.3324075061624744,0.5016012587083163,0.42335510480917216,0.19685205376017612,0.33189097340207163,0.33189097340207163,0.29194085977458495,0.1577052133662349,0.025932280593700563,0.010362810426572722,0.533631151486608,0.4789255067912984,0.15599914534733916,0.2203634113884756,0.22759520526514843,0.5189799043195814,0.31123824159679025,0.24338799549776924,0.5746067284411596,0.00874321409589296,0.03261776020410567,0.1994088814920586,0.03255884418001154,0.39965176491533816,0.22585599082807006,0.36973243037376435,0.2157064459139253,0.09865273937732821,0.2540704764912147,0.4803176355816663,0.24775778882837618,0.2852662660059063,0.2852662660059063
data/All/poi-1.5.csv,0.18275080343231898,0.1841932982195803,0.282134871818541,0.26267640246757684,0.17224772444478553,0.1670908415940371,0.2246337967437937,0.25235924039305024,0.2084242893697109,0.29089005299362103,0.13779704671241322,0.2573488114322825,0.24730781628648857,0.1529941740069487,0.21761108347388913,0.23182504204195287,0.4146145109773155,0.22695676304885137,0.1944304470887237,0.1529941740069487,0.20888490533437587,0.11215451568336099,0.363235783658444,0.2753685789263901,0.19097312431918578,0.2488364365482736,0.28394348105112344,0.3317256029680432,0.5195134827970099,0.33480454616211275,0.11215451568336099,0.12756707243800292,0.20283951208137274,0.3393717332836266,0.1757619579815617,0.18304299210853614,0.18304299210853614,0.11425458945265654,0.2381250432407761,0.24754384318569023,0.2132534865994924,0.30290148684315277,0.39086041162056484,0.227585552978962,0.1152777321643349,-0.008398502454423085,0.4633824246596978,0.05020037187208359,0.3037509912334221,0.2507961872268605,0.22551247862722812,0.2432907146990675,0.1465119996630313,0.18943198356151736,0.32952566459137045,0.2508478985019119,0.28394348105112344,0.22067471984745946,0.11725684031379813,0.20734614987781985,0.45573919552744113,0.24937543560652842,0.2570541377136115,0.2570541377136115
data/All/poi-2.0.csv,0.23726136464936765,0.1271210441400844,0.15740770636035928,0.1782392433049219,0.2476466728810356,0.12502174345458994,0.11628330052758784,0.09885964205496256,0.15662779743539812,0.14918594829962006,0.2129825378176693,0.17980819675539417,0.17561122775622773,0.2076936465454584,0.09474054163203105,0.1308176245909829,0.32702273649487934,0.20754742618891664,0.14014230982356501,0.2076936465454584,0.4124280944611838,0.16192153212003257,0.33725392211345573,0.22845057064250784,0.11913915280275011,0.2896204867153912,0.27849452607822056,0.3410753287906896,0.5599873292752588,0.1264077218614541,0.16192153212003257,0.18142967786480313,0.16233812238609446,0.2685159712703683,0.11996175879813242,0.20287276504641472,0.20287276504641472,0.11070236297203462,0.0951780050621498,0.16306081367361358,0.15363973361869254,0.2490453859163163,0.3092071925041081,0.22598119070987943,0.15731073519673777,0.18462668358026868,0.3351821319498396,0.25098915256606413,0.1775687848147668,0.1414232718943469,0.1890493415614427,0.1514254646433315,0.14744882072781273,0.16608158535491546,0.2775009801712057,0.16891391984100335,0.27849452607822056,0.21992459405337994,0.16994560101426792,0.17179568222486497,0.4538601083389918,0.1878437158536077,0.2120824859820727,0.2120824859820727
data/All/poi-2.5.csv,0.15903808255982965,0.09325828747487253,0.07558102274940814,0.16963153139797282,0.12012150220406426,0.11878486310751746,0.18898797818342672,0.21476469523499242,0.10836878060821753,0.2130086388944008,0.17739686826350287,0.08518147334540016,0.2060801345134604,0.18069062149708148,0.22089781098135208,0.16936356187656432,0.22158459484353088,0.08367870930864363,0.14980510628555277,0.18069062149708148,0.4264676180336292,0.06506340342544326,0.28441017155660175,0.16693105689125898,0.12552579306672995,0.2784954441204529,0.1918614920701205,0.3372895450033113,0.5290877885269342,0.14064061165177266,0.06506340342544326,0.17459549916154848,0.21926934646486096,0.22225527007516377,0.10740953884577664,0.12947537685413502,0.12947537685413502,0.17324574399015624,0.19873407668845622,0.1589360143523426,0.1270258471850687,0.2545079767107925,0.19678087744984174,0.21775651977896204,0.11227907894783007,0.20535594621883058,0.24493338556252842,0.15768040517275628,0.13194236854549768,0.23849715343376632,0.15953216536490622,0.21086624251498376,-0.008214782592343317,0.1566229483492213,0.20496438662691585,0.22081107243619202,0.1918614920701205,0.21215873949924025,0.13980361162611388,0.15110102285116156,0.4330296860429721,0.21026299863852038,0.20645117796219703,0.20645117796219703
data/All/poi-3.0.csv,0.16231281989952018,0.12492518662052277,0.07723058318789444,0.29060341094103725,0.1280866091086752,0.17470365522986964,0.3391678869175758,0.2318041465600985,0.12206351263030579,0.27690975658703265,0.2564622591191368,0.2485218745973432,0.399338483141914,0.26651674817175863,0.3832185384761293,0.1505282401008341,0.31139099385446856,0.22728891630846326,0.30631904287989165,0.26651674817175863,0.4796643138078699,0.14055431610242242,0.345166395940376,0.15627721613279322,0.11462660028041582,0.2531109120558034,0.289621696648346,0.3308714899501526,0.48597635338930345,0.10078110190053602,0.14055431610242242,0.2857415544394597,0.19471184074952963,0.27412475487713217,0.12745749464915956,0.22545562475266967,0.22545562475266967,0.4118721418443376,0.27181340542202326,0.2868802111531087,0.3016497010994237,0.2899838827274879,0.2787155205292129,0.36255074560742295,0.14540990166067658,0.24473127837753472,0.36045819072513097,0.0022216633570797395,0.0833913431965062,0.2721236727042935,0.4079048294182561,0.35563236537442255,0.20304550909281305,0.2040971769084281,0.2635496696445393,0.3756954950232144,0.289621696648346,0.2982519620062777,0.19009807582053728,0.20048101892892123,0.3305698465807084,0.3881862550830568,0.21602245651217133,0.21602245651217133
data/All/velocity-1.4.csv,0.17869955630671008,0.3222267615213016,0.3000992908286457,0.21197550210978067,0.31078893170659116,0.19287582769574885,0.15719933195093638,0.33703858996030334,0.28527719517520755,0.45681860329353063,0.11788941869214709,0.37309562505946803,0.10754819895332435,0.13633754774133577,0.24644762757442262,0.3629189915654131,0.5627823386235998,0.252088529093921,0.12622237119107138,0.13633754774133577,0.48711487890765715,0.2418229753559974,0.37701907856001704,0.3041922724538775,0.35309903942025034,0.27197331873016506,0.37184616010680527,0.36121379988842905,0.5548482295367348,0.40115208312061423,0.2418229753559974,0.2652829934653109,0.38064190870946824,0.3315392474232224,0.2787893051948046,0.32498226059755464,0.32498226059755464,0.05291542299920193,0.3154677963305451,0.19737801996207593,0.09419918893556734,0.34798590636315174,0.4262107249349737,-0.009055779382417084,0.2161511815131364,0.2406208551818595,0.521574001046226,0.31446027611426486,0.2971156301257495,0.37287757449094516,0.07544770898774034,0.15829629005224055,0.22508616383974966,0.18025209139665654,0.4261432842128706,0.19762755964194023,0.37184616010680527,0.19547757534988386,0.1608084291167725,0.2975521267134217,0.4451413917810615,0.14807356057284138,0.200584086378791,0.200584086378791
data/All/velocity-1.5.csv,0.25928013870900024,0.3174198790738514,0.37545569888772523,0.24384673776998167,0.26067110510263347,0.25568379673538866,0.08401152143312096,0.47645535508071946,0.19795741505692344,0.2772041766097717,0.13862543924237225,0.38630383590614037,0.2630040805371062,0.13589744334223308,0.25864989292581375,0.2519915837592186,0.5907226484761859,0.33163000554186717,0.1719097075789221,0.13589744334223308,0.5403426570176451,0.20443527251388371,0.3577730451058042,0.45529099930210826,0.4252113552913652,0.31947776938190253,0.4412873553501824,0.3877713472914107,0.5783946019212012,0.32679148734127295,0.20443527251388371,0.31690646600093164,0.4094142937546501,0.4371050144606311,0.27728711474274215,0.2099521568592282,0.2099521568592282,-0.007252964394790284,0.14293667022402223,0.23067546157757612,0.1922962314491926,0.32369507266651054,0.5764067492316051,0.05872637301291772,0.1503895739115526,0.1292379694336403,0.641766605236261,0.3449399089494962,0.40466945822201617,0.400957965810534,0.18911537535008982,0.30184717320553633,0.20644638667112858,0.21051244266954872,0.4605837566368687,0.3032073435760496,0.4412873553501824,0.18054516302056856,0.11167691283696568,0.35138039649765185,0.48564455214239144,0.2815026164147464,0.2510107841873014,0.2510107841873014
data/All/velocity-1.6.csv,0.3519064409928123,0.32654980236529885,0.3638952088218532,0.19523127000001217,0.33681814209089034,0.33261961173980514,0.3143238960487298,0.5873520710487047,0.3068847201521938,0.625729448145423,0.1650509116608847,0.36400015476363023,0.5273222872477419,0.27431459555488846,0.3061572500250548,0.6214136111411107,0.5561432892628229,0.3870181611826329,0.12095349129545796,0.27431459555488846,0.4589506678745484,0.38330497911661,0.4826718472204732,0.3178607505502633,0.35098164442963176,0.3812661318661962,0.4542748921850125,0.3959929711832143,0.5952662924756129,0.11256050674591023,0.38330497911661,0.04318553418882165,0.5321998783617039,0.2772310502506333,0.3532164715860232,0.37197077888829666,0.37197077888829666,0.10296935705214172,0.17285185521234003,0.17797833605963886,0.250309602508237,0.47618996853642925,0.5318550464636939,0.3357657866043242,0.14339681397653226,0.1911791767729385,0.5862469241655832,0.3389155196294603,0.30821543926500083,0.5681223098550632,0.5019958248287225,0.5590544595797976,0.1965471983755125,0.20493111803313702,0.4518142039319333,0.49653516746684123,0.4542748921850125,0.3564403042096861,0.29666387952166784,0.3095194071588886,0.4987797213047047,0.4523450126804468,0.27237182619994993,0.27237182619994993
data/All/xalan-2.4.csv,0.24440806266462745,0.18251534110747114,0.11906492064572816,-0.007241219755046768,0.18971067258747454,0.13056557964247817,0.6058358162145963,0.5955205445283025,0.16753501642172797,0.5735683124486872,0.27796476827976246,0.27340992036335754,0.6717213491679906,0.2780075145867441,0.5929403210405166,0.5600040139511342,0.48424960966636466,0.2262643990856179,-0.0032373570715982236,0.2780075145867441,0.5541127277973403,0.1919041336495252,0.4638318637186155,0.4578222698638924,0.30348650697988755,0.36558724549956656,0.38910060702983174,0.4386853644752803,0.6105187995571902,0.04836905770191913,0.1919041336495252,0.367194289977979,0.30581494720839886,0.3886728578241979,0.2376238350173202,0.2707704412361609,0.2707704412361609,0.34485533279116987,0.1662607174864753,-0.00825064414992105,0.04176702646257224,0.5545862171628536,0.42101345636172893,0.2236867181649106,0.20735356207137623,0.3101367248926826,0.479297870326322,0.30991980279523657,0.13873128178626626,0.5980926842532244,0.5799264870297526,0.6180650850741447,0.15240311210371105,0.004887784408083018,0.4080063841167483,0.6498063993449823,0.38910060702983174,0.32315864770344227,0.16321795138690387,0.33262616540987555,0.5307703392966997,0.6481112718212686,0.33917978282522854,0.33917978282522854
data/All/xalan-2.5.csv,0.3020914683539895,0.230659282045391,0.18821661029126602,0.36875348412568143,0.2727700619164589,0.2188626982242261,0.26355450997029084,0.25156560213557266,0.20465518503881297,0.28734624502269024,0.36189322165807314,0.3713253625546158,0.38503774092873755,0.3385745611196025,0.3733388226267318,0.4839719052766128,0.4779579423311143,0.3315273563749652,0.4160684228783369,0.3385745611196025,0.518097748006207,0.2169149269502424,0.43688838585426293,-0.009741979093554898,0.05399144854401594,0.38405717852226506,0.41393179418740833,0.4326558228797237,0.4227313461032245,0.3321476766397864,0.2169149269502424,0.10700452535357785,0.17254507807499608,0.39298190712695347,0.2573422757676137,0.277161034954993,0.277161034954993,0.412347007212459,0.1903512659522173,0.37312554569263934,0.2750084539658738,0.17359838558377427,0.448224368019278,0.27477123893522826,0.28189964403105905,0.27992002766742574,0.5503669038517487,0.14397187525322597,0.16020575107501245,0.26558762754314924,0.3709345329174236,0.41828583226588834,0.162754423879361,0.26444614899420216,0.41349980141780585,0.39781609769120563,0.41393179418740833,0.3054139359010626,0.23227224158513748,0.3414517310113656,0.3399971388932912,0.37287337888433214,0.3129462852875562,0.3129462852875562
data/All/xalan-2.6.csv,0.3174301516971477,0.2972233617995901,0.3166316644859325,0.37993188172808046,0.30359436451512367,0.42794291314426125,0.23804704838008728,0.06569393487641073,0.2699590075604832,0.16618683886411278,0.38042314028192037,0.38619134962190393,0.1254285051852121,0.2753485207993984,0.09157065419365606,0.04872208836295955,0.49806029974239474,0.1938966749300275,0.34904765840235974,0.2753485207993984,0.4188786259340135,0.1950764895254521,0.44491529576256783,0.33146560125347635,0.3385688461735976,0.4754418614571285,0.4729288933355994,0.5245421251012524,0.30870978643283653,-0.009472891084444601,0.1950764895254521,0.1223530474473089,0.03829347893782664,0.46359562684026034,0.2672500585080937,0.46933037419764756,0.46933037419764756,0.24605142741066777,0.17791299185296405,0.37435074804731494,0.09402818452200967,0.137008977394531,0.4159291266848636,0.39120103316672195,0.1817645570728753,0.29698335452846214,0.6833333870621201,0.11295328349137557,0.411562043412522,0.056254116164316637,0.1455267947066624,0.06629730914075105,0.14599152950843952,0.05432158039590429,0.6624364197658765,0.07510030085351604,0.4729288933355994,0.4870392059295485,0.5299695668441704,0.4498025076452181,0.38067347052135314,0.11720706136622838,0.4416903449955417,0.4416903449955417
data/All/xalan-2.7.csv,0.45272472741130765,0.3991697107675034,0.4150303360856933,0.5083090034978434,0.4458439724822054,0.4582959028511636,0.11585709186229698,0.12415027984072147,0.35039309621551396,0.11739215956229543,0.4747112080351621,0.38956312243553337,0.2832307746209387,0.45779070967373336,0.21220931315814207,0.44200930081400913,0.5446058443851933,0.3717088070586648,0.4916642496677318,0.45779070967373336,0.5338701970394538,0.3940097609300782,0.4455896334570455,0.05910965655027711,-0.009778657199655205,0.4291476249699002,0.46517022836510724,0.47187813471568607,0.29643195762595065,0.3362395057987069,0.3940097609300782,0.1560795206707939,0.14591204767078514,0.4419580124079965,0.3654717279754994,0.4854116825645929,0.4854116825645929,0.3730644278555323,0.07306070096205253,0.5060960267701042,0.11760577143389739,0.1095584052249341,0.4722532029841636,0.3130888143415731,0.19892272664616462,0.18745499179048997,0.5607515023487512,0.11450601568067031,0.35066889073789087,0.12162376122663743,0.19618393175548077,0.12793798005715495,0.12635732092331597,0.08695787642495423,0.42258210540415997,0.1557514636862155,0.46517022836510724,0.46652793688469285,0.4588241575510533,0.4681619578824203,0.2398938216194091,0.17013560463464839,0.3675776004215837,0.3675776004215837
data/All/xerces-1.0.csv,0.36660028187594296,0.4272162729529181,0.3212569625569274,0.40373101321973814,0.4162781582937046,0.2565303733853427,0.45987238730879965,0.5074607157297152,0.3072503075736115,0.5445278691245019,0.26365472443298243,0.3823949251817508,0.4622487309698913,0.2743169246321009,0.49990603929782995,0.5343891585662143,0.510815250161576,0.3204722861352626,0.3204917706239033,0.2743169246321009,-0.009516088432130476,0.30762797419466237,0.523753351090402,0.5142149893814997,0.5248956213197138,0.3816012232883894,0.5240448667856756,0.3720380829609725,0.5844008357807233,0.38340041193519125,0.30762797419466237,0.47712815512758433,0.519081881645527,0.3592905514605378,0.3607794099451572,0.34542574411294535,0.34542574411294535,0.503399773831072,0.4384201731628321,0.39078307684580427,0.42591084643656996,0.5325373645976893,0.4848032363134338,0.4857899827080895,0.0833256420671864,0.18697803861917062,0.7522922480457039,0.23474818376088347,0.38785571821948117,0.5125519241117429,0.38275111426100195,0.5205617523083578,0.4124365416308684,0.3542264620761204,0.46464366278371283,0.5304816944637695,0.5240448667856756,0.3416838390094237,0.32978180322921524,0.42751200811070567,0.5147208291416058,0.5143343044331268,0.2515025202381539,0.2515025202381539
data/All/xerces-1.2.csv,0.41258578319569084,0.3219510798602512,0.34641208768350273,0.29710905198187465,0.3180436195677361,0.362499562213882,0.44890380789833473,0.44334223792078153,0.2012905906624286,0.4418631622024737,0.4438239776104945,0.40364451566852955,0.4310817144147918,0.4442068909886494,0.4427219109842737,0.4117524985601053,0.526561904295123,0.397342854948631,0.32209321098470567,0.4442068909886494,0.4842184610446477,0.2867713525775074,0.4730431337528038,0.3922696421552446,0.19774736785884184,0.13453426241168454,0.41152980648095405,0.43522982071868854,0.5100331610011533,0.2448854202552463,0.2867713525775074,0.37851963931196486,0.4014020897258582,0.4747754343836781,0.3134838115805366,0.3137580544139693,0.3137580544139693,0.3351155816447079,0.3832215913045852,0.2991428524661903,0.41018022337807547,0.24615733676000706,0.4808400677449063,0.4408268255821777,0.14551204666706752,0.20438470016855115,0.565365418413504,0.20680287289769894,0.235374257009069,0.3301306946699596,0.4530824522156873,0.4471294270137599,0.06144938472796624,0.28772062457516356,0.4211813740988041,0.45043142635477074,0.41152980648095405,0.4595800640857297,0.42573078280368903,0.3799872162685618,0.4317477416195882,0.43436513246306085,0.24386829511363872,0.24386829511363872
data/All/xerces-1.3.csv,0.3501169211139976,0.33287668560407446,0.36267562926588914,0.33569243291417905,0.36855289591366447,0.3431142794889227,0.46645263511000057,0.5156445109588256,0.1749568719787593,0.4875988171773543,0.39786965254073503,0.3781291419680798,0.5488841969453084,0.4260397613479924,0.5104543509779104,0.464526684738781,0.4694768325505453,0.33687971430357366,0.37435223706533993,0.4260397613479924,0.5718384050015745,0.3649469704480044,0.46970883878023695,0.37008706058189744,0.143457958861127,0.35258296373245357,0.4189763097044882,0.08062622145020193,0.455316048141133,0.0657982065897369,0.3649469704480044,0.4593791562106708,0.41034546176397524,0.3816737373912753,0.32113318413799885,0.3699539294498888,0.3699539294498888,0.4101533767537535,0.4198569556550804,0.3367397566043363,0.3781370433789548,0.4053525242988024,0.4779739492262439,0.5033939222095124,0.17453715982536788,0.34210879808828343,0.5158994031161609,0.3094278268790427,0.3024004480874465,0.535435823962735,0.5144793062542953,0.5343101519239236,0.31092707218973203,0.25971411654533894,0.3912238279696517,0.5418321049319134,0.4189763097044882,0.44270063694795103,0.3432085939060626,0.3351924330005066,0.43972148066199657,0.5475865495678225,0.31668836042190684,0.31668836042190684
data/All/xerces-1.4.csv,0.19550959458951522,0.18022351250875634,0.10013480165398359,0.132433770596034,0.18465011611586246,0.11523738317915844,0.1278353188972542,0.229996968652048,0.11232652376054253,0.14842526650252852,0.23062787842237054,0.2386610877861408,0.18094209392308713,0.2323081309897762,0.285288966769641,0.1813321563449446,0.389896416028939,0.1650177289059115,0.14609652956122854,0.2323081309897762,0.454380822591549,0.13268556053174263,0.34400863468303233,0.1986070189591651,0.07340018744809251,0.27138149472678186,0.3109871569296089,0.3728420420091356,0.3787072300808857,0.1810822957627799,0.13268556053174263,0.21812366438379394,0.029225191592759492,0.28593950331056794,0.15825051568073878,0.22090522104547594,0.22090522104547594,0.12709439229607,-0.008146726169193874,0.13282572850011776,0.10641887323337929,0.12106683496014203,0.3054325099381835,0.29019587465635366,0.19788647167077156,0.2172800050885597,0.41814869023863666,0.2085865026282171,0.1335201189816646,0.2925193998993977,0.18451562483023087,0.15196266130446823,0.19628938405315766,0.09748493216759901,0.3323991358042393,0.15419154817268665,0.3109871569296089,0.20627484178851752,0.13033159202537148,0.24968935420316807,0.3193727383595537,0.1756368637319421,0.23413191635548813,0.23413191635548813
