,Apache.csv,CM12.csv,CM13.csv,EQ.csv,JDT.csv,JM12.csv,JM13.csv,KC32.csv,KC33.csv,LC.csv,MC12.csv,MC13.csv,MC22.csv,MC23.csv,ML.csv,MW12.csv,MW13.csv,PDE.csv,Safe.csv,Zxing.csv,ant-1.3.csv,ant-1.4.csv,ant-1.5.csv,ant-1.6.csv,ant-1.7.csv,camel-1.0.csv,camel-1.2.csv,camel-1.4.csv,camel-1.6.csv,cm1.csv,ivy-1.1.csv,ivy-1.4.csv,ivy-2.0.csv,jedit-3.2.csv,jedit-4.0.csv,jedit-4.1.csv,jedit-4.2.csv,jedit-4.3.csv,jm1.csv,kc3.csv,log4j-1.0.csv,log4j-1.1.csv,log4j-1.2.csv,lucene-2.0.csv,lucene-2.2.csv,lucene-2.4.csv,mc1.csv,mc2.csv,mw1.csv,poi-1.5.csv,poi-2.0.csv,poi-2.5.csv,poi-3.0.csv,velocity-1.4.csv,velocity-1.5.csv,velocity-1.6.csv,xalan-2.4.csv,xalan-2.5.csv,xalan-2.6.csv,xalan-2.7.csv,xerces-1.0.csv,xerces-1.2.csv,xerces-1.3.csv,xerces-1.4.csv
Apache.csv,-0.0051459653682282,0.2928311474833152,0.48706323758317904,0.705630385267008,0.9062505666993774,0.9342800005082359,0.9198378366862299,0.13742283094811625,-0.0005557804937708077,0.8590809631380719,0.26614339048777147,0.8534055542575294,0.07538677876379807,0.09572863970831058,0.9488999003469873,0.16053724696456773,0.24118227680156434,0.9414791793638401,0.4964231003334145,0.596901019693009,0.05095168771818326,0.0060059044902418535,0.20216041424890385,0.5460331544631634,0.8771903328240604,0.1895228839057752,0.7531513350569323,0.8726528717066102,0.8776820067355866,0.3146287831435306,0.1285616291363555,0.16288655388355566,0.5191375755493756,0.5697563959124441,0.22302838826348503,0.6935834950664944,0.35522092392981985,0.7805841387360357,0.9198378366862299,-0.0005557804937708077,0.023537227292201424,0.11589374942393638,0.00793064907701635,0.0639425518570762,0.14391611852777986,0.3001904748926866,0.8534055542575294,0.09572863970831058,0.24118227680156434,0.09261703608717475,0.12354313118564797,0.15109566910726668,0.07847941399268543,0.03360405991513726,0.05112685274434425,0.1235508390655391,0.867771230470226,0.8067201973956206,0.6334569554418122,0.35468709264240905,0.1734621842813635,0.07956347204890046,0.08024645715667167,0.5875836059317922
CM12.csv,0.4106275514958083,0.5305968735841273,0.5358441630152124,0.6971412673491647,0.8575226123867957,0.8951866396349373,0.8742420487270868,0.2951688242410646,0.273040983817762,0.7907393032758889,0.5731539744820834,0.8188118480319982,0.4184348440200978,0.4001812329023784,0.9032164224672616,0.5882405141746496,0.5933164479381355,0.9036875601437752,0.1896113672738149,0.48873486115118503,0.3988329623961302,0.29173568921184845,0.582298295471198,0.6675048701219826,0.8077009465387007,0.5944577782319448,0.7535106177490312,0.7958158570428397,0.834944343187968,0.5549421100812025,0.5143940878948562,0.5691302082864762,0.5540614966113991,0.6637734111546605,0.6984862144005684,0.6803668960865008,0.6735755939273163,0.5641112846760753,0.8742420487270868,0.273040983817762,0.3069732744918374,0.5095647473121246,0.5011113771661991,0.36651552774555907,0.6457644825491683,0.6930942890880785,0.8188118480319982,0.4001812329023784,0.5933164479381355,0.29405526466958565,0.5514185101202629,0.5824783257772796,0.47598077048453324,0.3550780091560576,0.33180323249681243,0.47812305842945424,0.801263921234914,0.6935098125307565,0.5545000655681614,0.5607309800263515,0.340113909554971,0.581520519548297,0.5659130532305413,0.5145895288152939
CM13.csv,0.2607619564003478,0.5693706062488764,0.3843283897233064,0.7112571811630458,0.8727672242708584,0.9051831465821115,0.8779041491119438,0.281784141738739,0.2558068151807332,0.8276796841403642,0.5989269871031493,0.8301304188612837,0.36288397650909543,0.35673746160871567,0.9008223080950765,0.5417296399827028,0.5299203009793908,0.9076430558819714,0.22339637228768272,0.6559499996421556,0.3826466776542039,0.1919889324662276,0.5802397395819804,0.6835495292891984,0.8346647147922704,0.5929470145499962,0.7446384635558922,0.8283122564176234,0.8513890857482224,0.5295199110500293,0.46338766661722985,0.5521817133088919,0.533508634612724,0.6640185751299557,0.6696082827726513,0.6869408304970048,0.6387308963074636,0.6770926715987128,0.8779041491119438,0.2558068151807332,0.2719992591514445,0.4640244807630275,0.2287067188436388,0.2647348012144938,0.6000781877208541,0.7089177291046251,0.8301304188612837,0.35673746160871567,0.5299203009793908,0.24333254837537477,0.41651075986241637,0.5674308036200573,0.49626972700117766,0.3025873713235564,0.26589303979447576,0.3584574577189462,0.828242848394901,0.746422956776841,0.5283974047225808,0.5182643146839061,0.30968722585048447,0.5310278532787747,0.5256892201274003,0.5752350707949193
EQ.csv,0.603922181469758,0.6042635916429084,0.6617680846172906,0.7698035283341824,0.9386165444168018,0.9966963258231456,0.9372759316331404,0.4353359434325692,0.43144362876766873,0.8986467475892702,0.7272868767508467,0.8685492788590969,0.22448125499105887,0.26647100558926173,0.9958083195311799,0.7172997886896354,0.7036102768597853,0.9708630365674707,0.6512934535293476,0.7190172074801585,0.19491416035126974,0.5578904798625817,0.7675309095418182,0.77557890464871,0.9056168565108376,0.7614210544387329,0.821371330964185,0.9128770865831086,0.93400445938594,0.6321951118700693,0.3256086194060178,0.610596852294691,0.6994658594513132,0.7231656279818155,0.7397955120456579,0.7558802904162993,0.7794436764692587,0.8323064466131174,0.9372759316331404,0.43144362876766873,0.14414044698450001,0.31763462624000083,0.3434128075109075,0.23514415100547903,0.6830606367252152,0.7700955401239865,0.8685492788590969,0.26647100558926173,0.7036102768597853,0.1638512793869089,0.3287104096584963,0.7368580596239996,0.7168541894762863,0.09837529226668118,0.09323959725410513,0.170247697614889,0.898634365439679,0.858150815478883,0.8034564313348451,0.7888344255657955,0.24034419560734632,0.7231279616376253,0.7356853394292018,0.7933335791691025
JDT.csv,0.8904241354264417,0.8664650920374197,0.8893274791872642,0.9386180420470847,1.0880462841609786,1.0304512659945755,0.9469138776505216,0.8900368376093266,0.8909187818708418,1.0543944786543742,0.7528803884227893,0.887504258759628,0.5213560983790473,0.5650895577086043,1.1042618714618486,0.9096242586220875,0.9129409037648113,1.1196844559659869,0.8589885603968659,0.9069068142794792,0.5058997734139526,0.9031721054217567,0.9186365362470952,0.945780585899242,1.0593632495266012,0.9126539460841999,0.9577374798121321,1.0108109810730428,1.0147341621229293,0.86484398459563,0.6516373834277248,0.8926534844205825,0.9011703986036785,0.9342971723478245,0.9488630819724266,0.9495311242849025,0.9542831277832186,0.9752887434945262,0.9469138776505216,0.8909187818708418,0.4313694856315885,0.6654359845012084,0.8937922613029834,0.9085747326489346,0.9217644773832161,0.9387611518718725,0.887504258759628,0.5650895577086043,0.9129409037648113,0.8609339376018894,0.8651119994066407,0.9138835622303078,0.8823331497093542,0.4605009913376602,0.8324631690820662,0.8914076723964033,1.0509323498713763,0.9874886777277907,0.9441473586933095,0.9348332640689146,0.38413316538764264,0.8956864751254046,0.8946865890847375,0.9202231402377649
JM12.csv,0.9480586936039845,0.9254576794471963,0.9370687369651385,0.993775879926416,1.0252139562592253,0.7965915737008591,0.7476111064968858,0.9520901538776981,0.9463003014296977,1.0236519644320135,0.8497789522048518,0.9025284093092591,0.7211892324409627,0.7295778718064071,1.0056106922529224,0.9516252572116025,0.9543890208514186,1.0127668116666058,0.8543726508501301,0.9524684298663137,0.6986167105667199,0.9276614109241087,0.9450408468408846,0.9930752061834887,1.0256110885955878,0.9342626384753716,0.9772393625344725,1.0064291811340145,1.0011645812089642,0.9255680689787616,0.8529442076349208,0.9235936739791972,0.9335871749189578,0.9813799255648729,0.979596626637253,0.9851423680247859,0.972698502043477,0.980982173945021,0.7476111064968858,0.9463003014296977,0.6906112017729971,0.892353878290213,0.9550168298743622,0.9762497721194593,0.9671828657253295,0.9911638747732456,0.9025284093092591,0.7295778718064071,0.9543890208514186,0.9021575756760547,0.9030447537945233,0.9292023968623007,0.9195430537815038,0.8140910171630498,0.8903404140286946,0.9387217028359034,1.0210248478219734,0.9711065702508748,0.9471150616453995,0.9297483136623897,0.5374786487733119,0.9098391711463462,0.9137571597968264,0.9278262762126293
JM13.csv,0.9366698676658237,0.9413559899455806,0.9177183504027435,0.9914149566556557,1.05184707348604,0.6460301422085584,0.6317796559227207,0.9368901133207983,0.9322604951274094,1.0412320191647995,0.8406504895701575,0.8841145864340659,0.7049567901922136,0.69798983094117,0.989251360303487,0.9315071898036135,0.9433111704271373,1.0462090939442854,1.043220253869959,0.944515597951473,0.7020813812374496,0.8880768454320487,0.9356551026881459,0.9874899070350479,1.0433665060107122,0.9184435778243832,0.9695547076052056,1.0000253494955529,1.0023467093344083,0.9035908887287735,0.8425747081531608,0.907773520903955,0.9124149868229157,0.9722052121418701,0.9769855058199041,0.9784244623631798,0.9595158313352173,0.992637879868444,0.6317796559227207,0.9322604951274094,0.6799279303194884,0.8576963110860822,0.9332168580760308,0.9578036958472551,0.9516110174336085,0.987954733573151,0.8841145864340659,0.69798983094117,0.9433111704271373,0.8978381865897069,0.8775453574797745,0.9177118727779493,0.9021146252880846,0.8497313816492207,0.8533999624066894,0.9336662817679651,1.0398683550613776,0.9693440607251653,0.9434594092641423,0.9531465284637484,0.5030608770907159,0.8975614255661413,0.9117331743478707,0.9240042106948879
KC32.csv,0.07700197323420155,0.1188024751851966,0.09237647686883177,0.10495618722735456,0.8409437609080617,0.898526506928027,0.8624224263402231,0.07822798614168025,0.07496130169450488,0.8151872325688341,0.22200584446968852,0.7143321363205728,0.14024684616006167,0.14676990304644844,0.8253029641680879,0.059325320797750436,0.05115977096585533,0.8563254830220965,0.1448880883574204,0.4088254919751544,0.1414507825422464,0.07824229434348495,0.06064096286358289,0.1373092749200241,0.8156450118540787,0.07340434239888971,0.2789112988885941,0.7962411185581424,0.8067727397654287,0.07895405900544716,0.23449964954666302,0.06462382252103138,0.14079098341795915,0.0553343540197595,0.07722416752543904,0.09940864541783312,0.1345294386570518,0.6828923680117611,0.8624224263402231,0.07496130169450488,0.13496624924866407,0.19765030524513372,0.0709992385467999,0.08921943710841762,0.07176144842900545,0.10994155440404452,0.7143321363205728,0.14676990304644844,0.05115977096585533,0.08549403517803444,0.06675986162527048,0.0847361971525209,0.06569557973618001,0.15896352751589282,0.08981676712214204,0.09757657643438644,0.808877736497942,0.7328371200609984,0.5726378596436259,0.12071797185905409,0.16464086921543986,0.08682158903186488,0.08206424698254766,0.46838791195401497
KC33.csv,0.05512169305651282,0.1666482272411729,0.06856650580568613,0.1230436499098021,0.8407291795505388,0.8860372713452883,0.8506149719961384,0.05878408292220905,0.07054186376278238,0.8123552413498483,0.22861313458572774,0.7465380151374091,0.19424461236843293,0.18044847616475768,0.8071802366482707,0.04128110688875619,0.03793723880032651,0.8588393213373338,0.129774784254709,0.2644837380573952,0.1408418510657088,0.06814475931829667,0.06104558960460138,0.17042963081008633,0.816316799088062,0.07389781819969565,0.614590580565266,0.8102293060449781,0.7861299882329597,0.07282002446635749,0.21460290397605686,0.041087750867889294,0.17447536385738383,0.040256754828110974,0.06897860905851871,0.07674594800728696,0.1229615471968335,0.7059260386802502,0.8506149719961384,0.07054186376278238,0.11842302896023504,0.18461528518710324,0.0504187163894938,0.06057467674040917,0.07755685022839898,0.12574336435718836,0.7465380151374091,0.18044847616475768,0.03793723880032651,0.08848001575503417,0.06425367110882729,0.1007344372455965,0.06467294112923816,0.16067809596121418,0.08019809766720021,0.09434153440923643,0.8106183979087417,0.7346005311362849,0.5732313656577899,0.1263212204480566,0.16343771337083624,0.07372858730046739,0.0900076015622816,0.5135646511403122
LC.csv,0.8530548915536555,0.8341172053203658,0.8566274207980079,0.9067756212025162,1.05447960877859,1.0405228427359317,1.022456249691015,0.8550800382621946,0.8515948256058627,1.0175264599136848,0.675155888217565,0.9395027907163227,0.45038155736329655,0.49571493943714895,1.079371163805703,0.8745267826957579,0.8805718559523397,1.084326321788029,0.8059269749696116,0.8865842253797549,0.4334264218213263,0.859498717918808,0.8767737180487444,0.9354358623417156,1.029971501704824,0.8738394171819235,0.9220090476471492,1.0043144881260182,1.0001168736339157,0.8260699255999303,0.5830119557228606,0.8245484485217889,0.8491309901814061,0.9034506185192461,0.9114329989065811,0.9196204910278171,0.9151196697913268,0.9384944883228142,1.022456249691015,0.8515948256058627,0.3645742567081022,0.6049614353538365,0.8595870939320743,0.8817727851660617,0.8838973224652693,0.9378236299041611,0.9395027907163227,0.49571493943714895,0.8805718559523397,0.8099074894342528,0.8193300706564858,0.869425165112551,0.8450997019313865,0.37955342917464463,0.8095583600854506,0.8552328752929983,1.0246807470199788,0.9520568396796092,0.9029134920663813,0.8918633773935523,0.3443569518227666,0.8555640321026106,0.8554066122461628,0.8737965057396703
MC12.csv,0.9557856370611846,0.9413244932070626,0.9463650490661512,1.0009691076281708,0.9907202076847108,0.6930719872850195,0.6378274488386919,0.9562003745936082,0.9507137693847598,0.9933981478630952,0.7923524939442671,0.8803371714417826,0.6998950335231577,0.7122425931763772,0.895801825288172,0.8903400091286475,0.9659051945199939,0.9882593314895192,0.893597287510522,0.9629616397699852,0.71598987078976,0.8896742868131032,0.9644150532131661,0.9947808561380641,0.9931309513505652,0.9421881914558484,0.8966379248525395,0.9700875481352464,0.964749718493089,0.9269753057215318,0.8275111868989519,0.9303096359288687,0.93229600848224,0.9924438327395277,0.9919832141141286,0.9899567036990677,0.9786385174231373,0.9769645608001649,0.6378274488386919,0.9507137693847598,0.7093096989289416,0.8513362833602446,0.9583027550938384,0.974458232631858,0.9867419208603947,1.0004431690681375,0.8803371714417826,0.7122425931763772,0.9659051945199939,0.8943879129935113,0.9145586713708049,0.879437696072996,0.9311838503234214,0.8256944256388503,0.8658917740614503,0.9615052815378518,0.9891858681536477,0.9451889741719048,0.9584093871472018,0.9699008583224219,0.582968432699264,0.9008536132729795,0.8994211852580106,0.9350827899691087
MC13.csv,0.9424604526299754,0.9286826740130403,0.9372237614732845,0.9893920514633234,1.076535358183417,0.6748986718269636,0.6211445660419878,0.9495415527149984,0.9386597316958889,1.0486034100020187,0.7836762183686984,0.7910833550394658,0.6495335265693974,0.6894173265364374,0.9896861445139109,0.9509569945743428,0.9514583275963981,1.0977588229816244,0.6481015979581156,0.9525476692504041,0.6669476460361488,0.9037868055674292,0.9498285453736544,0.9907335706563543,1.0569324652542296,0.9445001764621092,0.9723148738236949,0.9814991627984772,0.9816801455034055,0.8759341806530808,0.8129073473527306,0.9154514019582878,0.9089105075912588,0.9742820053219257,0.983420961033596,0.9758956157530502,0.9599679126074582,0.9981364399259041,0.6211445660419878,0.9386597316958889,0.6829313884376418,0.8187588354132406,0.9353518583449982,0.9670161558859117,0.9531675826615599,0.9904798568975697,0.7910833550394658,0.6894173265364374,0.9514583275963981,0.8746550031000093,0.8822221080285177,0.9175475185779559,0.888213560743551,0.7886239978540338,0.8503104698234725,0.9576335877616229,1.0477122103037428,0.9711948795889922,0.9913945465399213,0.979761576655902,0.6556305898521249,0.8887531749716198,0.9221995256301678,0.8765322028841067
MC22.csv,0.09638377684573418,0.3288173621483904,0.3214185908215913,0.3154111000003884,0.6848501473552168,0.6442764536429271,0.6057408917027437,0.08652313747161666,0.09255298695174541,0.623847680666815,0.3884179102799089,0.6006481611402056,-0.0022703043614744622,0.012222752904613055,0.5679522207399457,0.20774657631836346,0.19045491694150718,0.6843419247721467,0.06994383750580457,0.39793080244974,0.019152719912857608,0.0634253069001034,0.2168547365374709,0.38562417834973417,0.6364727839312194,0.2973523269316418,0.4748936104542517,0.5791777929274253,0.6186223675406609,0.2937232125829221,0.04282771590536427,0.15660047434832802,0.3610582199680239,0.2252543559699861,0.3336881129723659,0.2910576764059315,0.38148906622025147,0.5216647505413609,0.6057408917027437,0.09255298695174541,0.0155321623643907,0.025961474424307074,0.1109478344656174,0.08780487738326526,0.20860982693165298,0.3445991174977866,0.6006481611402056,0.012222752904613055,0.19045491694150718,0.13714757162985203,0.28628491103588516,0.37964099107587734,0.2567271849249302,0.06643958090951796,0.05803075191248708,0.12518619709931278,0.6345363739212052,0.5243651487194919,0.4902977288255207,0.47005603424386033,0.15471841646503703,0.3682560499866857,0.3030979285954213,0.5426543214542294
MC23.csv,0.0963275317433846,0.31044392083245864,0.3063513815207102,0.3056932655814746,0.6341647572815107,0.6599848983097747,0.5172152244540242,0.0973642427184519,0.11577367562197793,0.5940039809541547,0.4182615127696745,0.5104838716275548,0.014680144532750683,-0.0032835561990214313,0.537004770225232,0.2180050966195518,0.1799914525722659,0.6313311712148962,0.07126763302294581,0.38444068904781714,0.007639152345946254,0.05958805082397933,0.22884673648459664,0.3763722073207033,0.622248194644403,0.30843453632883233,0.46364734797181206,0.5307881960469869,0.5664447864932909,0.2628531491589007,0.05154297614023973,0.16253096983311666,0.3579148213429866,0.2181032587663958,0.3120715769657576,0.2767328237216532,0.3709148901246827,0.5135133353898705,0.5172152244540242,0.11577367562197793,0.011741370926284134,0.025048013737933195,0.11048357190085434,0.09558628475265984,0.2042186297152906,0.3294523653732224,0.5104838716275548,-0.0032835561990214313,0.1799914525722659,0.1363313260679262,0.3092045927270114,0.37312641997593343,0.3071908798716194,0.07227190386669868,0.05646930963199359,0.16465030085327637,0.6233337544444705,0.4855240983923258,0.47611461714079495,0.4746053894808131,0.1410247444061814,0.3776544829746046,0.3191550283859106,0.5127814632098312
ML.csv,0.9271398648585205,0.9196319772233009,0.9260149888743106,0.9959158783970358,1.103654497642025,0.9868528748199624,0.8896252962031461,0.9233318164082356,0.9264936138343747,1.0690259654026868,0.7871023587087449,0.8864283709395037,0.5907282752711126,0.6147272017096654,1.112517505687276,0.9321112808837729,0.9457944339392228,1.1313505632154497,0.8932387718655102,0.9581695189131291,0.5831727054049584,0.9345981598665729,0.9406782326529228,0.9948187753406086,1.0761996555982338,0.9338532558140015,0.9771097444932576,1.0383374616141081,1.05194237948712,0.9103707697277281,0.7219015097666708,0.9185236831739096,0.9319738673229392,0.9681502442643694,0.9749700741504759,0.9805829464867878,0.9756634463607703,0.9956642681787417,0.8896252962031461,0.9264936138343747,0.5178960432978601,0.7521108905602718,0.9316655072689206,0.9529472223031847,0.9458816868982276,0.9923773236357045,0.8864283709395037,0.6147272017096654,0.9457944339392228,0.8843259659291354,0.8845939666754348,0.9315186717683631,0.91157666222319,0.49761481099239024,0.8818290253345364,0.9149142002104524,1.0719385622613204,1.0054505802990152,0.9678937671463683,0.9587013831773279,0.4167368422524217,0.9162446949070222,0.9134968612483516,0.9457088501661951
MW12.csv,0.18335114702372657,0.24797505022755473,0.30511224761409006,0.6625804308434053,0.9023120895044807,0.9200579392127393,0.9064242360602908,0.2211824091756388,0.19480724929037774,0.8604030287552089,0.5941324541157393,0.8186008346606859,0.31152325039208073,0.3003361008567186,0.9204101118633157,0.15028337238824707,0.2790607982777332,0.9330591186621302,0.26665999635844573,0.6075881812910336,0.31529728852113115,0.19995540284711855,0.24962139647069714,0.6944050217289812,0.8670311170743825,0.2736161843723559,0.7261661253065874,0.8511119688512029,0.8712997574565775,0.2603040981430428,0.41450657320240736,0.1730131858322359,0.19532666861098313,0.5148543613183776,0.5571769670492847,0.5647933873138753,0.5833168578332976,0.7365752507982309,0.9064242360602908,0.19480724929037774,0.23191747197865376,0.3684694230593675,0.17852445321321064,0.2115759152311919,0.15694022882918235,0.5340130608346129,0.8186008346606859,0.3003361008567186,0.2790607982777332,0.20226224386879177,0.1543243179728213,0.3607460485538706,0.11431497291400106,0.2533009754429898,0.23789242808500166,0.22826743553215811,0.8597775743982816,0.7713280898112245,0.6823746112207896,0.6759816840717867,0.25094446684215643,0.27715129503113045,0.1936313457269423,0.663622828515293
MW13.csv,0.16298297049403687,0.07733344015664434,0.21502077076151327,0.7129689413747747,0.9009327588622197,0.9236401699206366,0.8914295330358123,0.23368006483032333,0.15761265148773984,0.862125681214576,0.6270594930278222,0.8230725906660415,0.3382676538786662,0.31475023258541723,0.9084457393545556,0.20542926176919396,0.1338796739914958,0.9315812261504933,0.1771914557019727,0.6517076174791738,0.31012567293488646,0.18338317177699803,0.33131893503598253,0.7367010973192349,0.8710102831091089,0.35426978000296205,0.748491633167599,0.8539237541855393,0.8453439959641356,0.19231430209917766,0.380749647473842,0.15851990432567997,0.06175719021087922,0.5442195904625187,0.5641519840004212,0.4585754988623425,0.6819487176242518,0.7449801654733472,0.8914295330358123,0.15761265148773984,0.22579764039595973,0.33536255927742376,0.16233419950426375,0.18503421891957839,0.23711667919328683,0.7050198705949566,0.8230725906660415,0.31475023258541723,0.1338796739914958,0.206780293765073,0.12628375914439638,0.12824324052394198,0.13332480091261445,0.24123504275394136,0.19333709639201546,0.2233666679162153,0.8632536601904068,0.7759920190221127,0.7102130965211378,0.6866467063303399,0.30707421923096534,0.1915495695830871,0.25296925770376233,0.697291816253718
PDE.csv,0.9214880465407492,0.9121164344106447,0.9263454466984813,0.9708614021879105,1.1196024554648236,1.0108840750832284,0.9062882579768636,0.9264342341159186,0.9279343639453597,1.0843034983683462,0.8138396215280415,0.921511792874969,0.5836882867875853,0.6254520928811365,1.132109294021539,0.9430693961701666,0.9485978540162139,1.088955437780069,0.8715541407713674,0.9428977799963537,0.5720164742123431,0.9365543504251748,0.9506065508641123,0.9767806299284532,1.0898773728656508,0.9444670596862175,0.9878149537739495,1.0479422537725864,1.059063188271893,0.905302859575259,0.6964841022296439,0.9285791438511353,0.9343639632241193,0.966484617139187,0.9794425893157688,0.9845331241589562,0.9810672167163836,1.0066083871402953,0.9062882579768636,0.9279343639453597,0.4961475488248973,0.6630995098202842,0.9309118875842044,0.9438370253946298,0.9522579312716035,0.9709979495980411,0.921511792874969,0.6254520928811365,0.9485978540162139,0.8959866109126566,0.8995989027507632,0.9463499606966673,0.9154386786646321,0.5003615089103869,0.8991459947929041,0.9244598877158526,1.082046426185776,1.0177536566581642,0.9738189510254499,0.9643262102839494,0.41463153638262285,0.9265992717314157,0.9268576072215803,0.9551752658953226
Safe.csv,0.30435998263492736,0.32457202132396934,0.3841084421680918,0.34266459809524685,0.5023643235677973,0.7156997982972664,0.7381517728579807,0.253309013246962,0.2976213461009538,0.462908150286683,0.3479995640923441,0.580704691454771,0.22810417109517267,0.21291111171099908,0.4591541166626486,0.44529357171796013,0.2987590137006264,0.5340330779042662,-0.014778929833959675,0.39085112575859315,0.2187012734820324,0.2587717881857502,0.3694801139524032,0.32002047090751284,0.4178054276811771,0.2796514946461074,0.3044291520644824,0.690807523785618,0.6992602352707035,0.3403853416849152,0.1663850269038769,0.3828705374299547,0.43646188740276814,0.3295185922128716,0.3311426480025613,0.33409284226016855,0.3737673901810603,0.6500458692182054,0.7381517728579807,0.2976213461009538,0.26714567977336323,0.19243941985844226,0.30568790400201973,0.24296536268601088,0.32625641638930436,0.3052551939791154,0.580704691454771,0.21291111171099908,0.2987590137006264,0.11416342582538774,0.38643832588796123,0.3867082937526738,0.22318908787853042,0.23225914053853514,0.16190986896063253,0.24638265236424506,0.41150271018804896,0.5881073770900456,0.34784942114198847,0.4268868080202015,0.08379333707016179,0.21197779727900168,0.3008717827554017,0.5913973816991697
Zxing.csv,0.5967457642109198,0.663311864884472,0.6832654037262764,0.7903538445719629,0.9355371380692518,0.960565909540983,0.9506777028178286,0.4946748752830321,0.5668322246029811,0.893720627890527,0.6818056978692015,0.8443258027485596,0.28088531320972154,0.2755811626304103,0.9613637965849889,0.767592728261766,0.73016425203107,0.9693578433119553,0.709493173851941,0.3626901010529634,0.2744318913548359,0.6128973357866867,0.7493109579198689,0.7830798231931706,0.9020374496217729,0.7677749896751306,0.8226942337482697,0.8884708675039902,0.9030308990520961,0.598268192111356,0.410521051412149,0.6476334954769918,0.7009223478791792,0.7745885003791484,0.7814466768383219,0.7822869776178045,0.7578059173870799,0.7663150029200607,0.9506777028178286,0.5668322246029811,0.2031087986903244,0.4301601201860614,0.5855803086498061,0.5385140370382546,0.7511766491595492,0.7881726004098795,0.8443258027485596,0.2755811626304103,0.73016425203107,0.4006114185697278,0.595713235757629,0.7349257051958098,0.7389996315289429,0.23160870622987173,0.29172232511062857,0.5980817523366853,0.8916181264995777,0.8163605011374359,0.7133198307187054,0.7431446588214896,0.2840497611655186,0.7465416499531892,0.6567679087037078,0.7296386144312215
ant-1.3.csv,0.13894493220056126,0.38555256832222395,0.38930008304322106,0.3759459090569057,0.512503970955558,0.6827177725457838,0.6733585102441106,0.14396901510533378,0.13423102026855194,0.5247764049511005,0.36911883949349933,0.34891960101191033,0.1289443450144121,0.09215189448411609,0.4734814617463434,0.2561032914115585,0.23131327705925875,0.5123727401148273,0.14344900637831537,0.46318831369136815,0.10498274060575952,0.1104271217192796,0.2708467180820384,0.5028776533549039,0.45772814024931163,0.3396123567635486,0.44407053047307676,0.4987243506063501,0.5057181983860108,0.3414023897085714,0.13877666215101925,0.2037544788482185,0.4635635497358742,0.2727885672949295,0.35955651409100464,0.34894612568349637,0.4533776705466084,0.5231822651067429,0.6733585102441106,0.13423102026855194,0.08639117993404688,0.08323534519539222,0.14890078092022263,0.1462001592126677,0.2284620816867141,0.4221956331212624,0.34891960101191033,0.09215189448411609,0.23131327705925875,0.14577126453891232,0.2961115172775435,0.4079498723043087,0.3615603742502451,0.11981140013128244,0.10699683315376896,0.18686011286838078,0.5218289882096655,0.3963197321540801,0.4298134301808758,0.4451558157891444,0.1331408539544221,0.39773298939972623,0.37868232757828635,0.47081297102827757
ant-1.4.csv,0.03401610095160812,0.14777661855000257,0.0826928956395121,0.11958587437647061,0.7936989481117172,0.8498213475748276,0.7618507748873549,0.04814813939270879,0.023873152589978464,0.7738966185738374,0.20445787726906184,0.6792926558487319,0.11717566334677154,0.07649837545822158,0.782320835277019,0.04306579895980156,0.040777222419997594,0.8074095799535569,0.4524381143131742,0.3316949889513039,0.08189092935195563,0.04728361154446881,0.07039110433622853,0.329884355455734,0.7764801974281019,0.10588054219528642,0.19656200600033824,0.7804730184284472,0.7361273308909748,0.11078251898687963,0.14850011361615034,0.03646306284658363,0.21370497095851448,0.05402854424324022,0.11457443114795507,0.09027827407422073,0.15713383208882703,0.25964973321629814,0.7618507748873549,0.023873152589978464,0.0740330092368553,0.11610056288113446,0.03045933278525137,0.052989224794695255,0.06595922503914675,0.13103965117521643,0.6792926558487319,0.07649837545822158,0.040777222419997594,0.08695882526391407,0.0909754366033888,0.14809696225723823,0.121850938038921,0.06766853034171882,0.0574802717721995,0.06974108491130593,0.7758817636465214,0.45127393909224234,0.26584060189219505,0.2522393190964929,0.09039226308440862,0.15533334401779153,0.1585606381033825,0.4147038660538104
ant-1.5.csv,0.22280429501520604,0.22554109299918035,0.6003937630363764,0.743980779012411,0.907746656549256,0.9292684977125226,0.9135616190689981,0.25142356402611243,0.22323939746303845,0.870504174917625,0.6131478099765266,0.8241616705853317,0.3008676092712441,0.3180062933696628,0.9187639138364762,0.5690971291981496,0.6243771054413488,0.9257581809760594,0.40721004023562346,0.7024623765980696,0.3154110837045446,0.25393493287942104,0.6144461918079904,0.7635440318664635,0.8809097606054814,0.619125299666522,0.747742204144026,0.8549204355088675,0.8869996442881221,0.4119014749356752,0.4301099384119692,0.2497813393458822,0.3441279081583727,0.7128444910596377,0.7206463262615244,0.7346944424952819,0.6771228979317234,0.7537373409154347,0.9135616190689981,0.22323939746303845,0.2563847742171359,0.43093365375024606,0.20557652632838208,0.2549205620978593,0.2731520472363549,0.7404418757482766,0.8241616705853317,0.3180062933696628,0.6243771054413488,0.23047186002324482,0.4734958109787021,0.6308587159139727,0.42770127517131373,0.2527704334836254,0.26400842574047034,0.25647729467295877,0.8727443421429204,0.7827004734784313,0.7393449360430204,0.6912819228672318,0.28999696866672786,0.4539799364698067,0.32873189646547607,0.6876266629145991
ant-1.6.csv,0.730725510195433,0.6899209101995762,0.7136223905943464,0.8558722733008879,0.9852062947689594,1.0042319775336952,0.9803632434740689,0.67638813244947,0.6690346855416646,0.9498942465053195,0.7276683911256046,0.9338228156832824,0.2405228843544165,0.25052309250500626,1.0092377590776538,0.7638778070788306,0.7823142724935597,1.0139581840742369,0.6962721475959254,0.816893947298906,0.2539645361873175,0.6056304435024942,0.781954291600301,0.842857979609495,0.9560139062703606,0.774497433392046,0.8357787690705121,0.9438075550670483,0.9595718277221968,0.671096439507266,0.38838173693899136,0.7314626363556282,0.7568619369347094,0.8277181837052947,0.8353195530751081,0.847673185685781,0.8009570948184599,0.8480404654523761,0.9803632434740689,0.6690346855416646,0.1744561767465933,0.4003281136907628,0.7568726046675188,0.7604974272870586,0.7890723226509697,0.8473968065373136,0.9338228156832824,0.25052309250500626,0.7823142724935597,0.19987265780239816,0.7170985401228259,0.7407833673063141,0.7331058203816226,0.6044276632665337,0.47682285904481536,0.7339978841975148,0.9491644141313055,0.8659599371670155,0.806322111463851,0.7882654115660575,0.2662527595104405,0.739538983729215,0.7275578436436052,0.8137514857214148
ant-1.7.csv,0.8871713874322655,0.8563160901868828,0.8666803223418639,0.9556846902666988,1.0712496241788196,1.0377982588376011,1.029602583258793,0.878475634310464,0.8845510795064816,1.0392614758428749,0.6936012433163424,0.9478948005081317,0.5198343550479847,0.5158147758302195,1.0925096379172476,0.8852985330274812,0.8978663735071168,1.0975271829522306,0.845699641561192,0.9071627044444189,0.536668174002379,0.8824213383980346,0.8928501124113319,0.9563490451646419,1.028264890471875,0.8862128374401024,0.9348491585811343,1.018749038509763,1.0344037218496562,0.8582564914330492,0.673370587005102,0.8464612044829041,0.8413406166273255,0.9306670635677408,0.9374684003240742,0.9466730729984013,0.9310546917471707,0.9531949421715163,1.029602583258793,0.8845510795064816,0.4329036833944433,0.7151098982788978,0.8908085277275326,0.9133267959135891,0.9083194668888199,0.956243803901332,0.9478948005081317,0.5158147758302195,0.8978663735071168,0.8376527116124645,0.837066076201456,0.8700375619857874,0.8575482884589882,0.8060381782882027,0.8116383593754977,0.8684749308774097,1.0263961338271828,0.9572675444580233,0.9138455286276902,0.9020846003750568,0.4107778969526171,0.8691682623841424,0.8619928195488543,0.8602895135694997
camel-1.0.csv,0.41662562078802967,0.7141082904077726,0.7140754303817154,0.7781551698282996,0.9109092839289186,0.8842239516806927,0.8843809536985474,0.41852477580900715,0.41375969089769615,0.8712657177703986,0.47282236416409806,0.8037680589041358,0.46479687253574775,0.4578997940366325,0.9222722434329588,0.7674031598075632,0.7319537624585037,0.9421152916115411,0.5340710332711881,0.7522522588527828,0.4864747160122427,0.4332666137253802,0.7133287042052399,0.7784999973876412,0.8785357825340884,0.7073055657495804,0.7688013917083842,0.8485635457330867,0.8757823211469018,0.6972893127875053,0.5992789048091749,0.5725295002022041,0.7023158692375311,0.7591104719570545,0.7681317850728885,0.7629306778657798,0.7386624114099913,0.7796194115784327,0.8843809536985474,0.41375969089769615,0.4017565140784063,0.5870520223314616,0.40475549001011657,0.4349864105150998,0.6112554183112539,0.7750313335278288,0.8037680589041358,0.4578997940366325,0.7319537624585037,0.4844861121902918,0.6397150128252196,0.6990513245961996,0.6767782356193714,0.5081936967577025,0.42350535848183757,0.43453829849346126,0.8688414102226851,0.7671282923938134,0.7701862597020657,0.726949976899498,0.4160369485018762,0.7418466831772774,0.6930077994030056,0.7024492739261161
camel-1.2.csv,0.7652300147369973,0.7901833302654218,0.7749977544133266,0.8403527148834333,0.9664787829332361,0.9889713003484284,0.9674830771594533,0.7441968522049678,0.7166730599600943,0.9320648366874278,0.5508296037582526,0.9202876954644745,0.4032679151325844,0.4121406748729032,0.988066489458224,0.773680793340534,0.7755684192013286,0.9946816238424274,0.998269585978353,0.8268899534523779,0.4145353115789763,0.15066856526333638,0.772318319668775,0.8388486961544224,0.9364138387281956,0.7705957635554286,0.8016085372591377,0.919755581115759,0.9439464185225138,0.7569945656826178,0.5521312422773641,0.740286549634805,0.781550899367071,0.8101233632645608,0.816813537680048,0.8267422711466194,0.8156364759179608,0.8190154852844868,0.9674830771594533,0.7166730599600943,0.32646338058714863,0.5645746222948843,0.7670427614737385,0.7708325703865908,0.7893361385705356,0.839164141684104,0.9202876954644745,0.4121406748729032,0.7755684192013286,0.3432213727354376,0.7123969298904868,0.7635510646350074,0.747951097180523,0.15653311958850757,0.16060184839757308,0.768957703349411,0.9317119121061437,0.8504753396874961,0.7844726395151049,0.7779367134990527,0.3268845116773593,0.7377035725080361,0.7332165157663424,0.8079883848361007
camel-1.4.csv,0.8814806172766332,0.8727766376007549,0.871206611915968,0.945724215208686,1.0447562979330667,1.0059355574285418,1.0127631552884662,0.8846659730890694,0.8728797461948646,1.0189015839763838,0.6803180942558595,0.8709462812839153,0.5431151944169178,0.5449934103257208,1.059008730334456,0.8767607160891433,0.8793727944840846,1.070264027912657,1.0214824800809965,0.9069349545689199,0.5791968783354468,0.86816238925623,0.8736422151737921,0.9407741795113174,1.0226721808572135,0.8713911726967696,0.9192521941263566,0.9381732537851468,1.007427233244533,0.8525006573531577,0.7034401176432546,0.8419919319982924,0.8685291586232926,0.9178094124440073,0.924478212954218,0.9282143101049202,0.9165148797990195,0.9460454784102574,1.0127631552884662,0.8728797461948646,0.4611654929192298,0.7212591960772169,0.8778690531855855,0.9050732034984152,0.8986544300389312,0.926162756797546,0.8709462812839153,0.5449934103257208,0.8793727944840846,0.8101862877353058,0.8139669026835008,0.8646109067685243,0.8316929667452597,0.7978049586349695,0.8070846211085414,0.8684604771298097,1.016073332081806,0.944586097072638,0.9092561790860796,0.892308295930188,0.4034558097804726,0.8386256607309486,0.8515879806729185,0.8678212447398215
camel-1.6.csv,0.8942507908183145,0.8860635690088503,0.8792155066422137,0.9644162167404803,1.0372205339669425,1.0082250792601246,0.9831005917868308,0.896653353782767,0.8929507691832557,1.0364356322746573,0.7151619609102873,0.7127038126626797,0.5699266455143499,0.5708373408193657,1.0738767638881288,0.9041588879116598,0.8962564956962495,1.0788077943309082,1.0663956081949069,0.9159316039980593,0.6068954900696686,0.8887837625747558,0.8949550068696999,0.9611413836698068,1.043656942839203,0.8860039121129232,0.9388125332540241,0.9920646395592446,0.9272035943580619,0.8598354264838651,0.7312996107492575,0.8531237483308669,0.8789251342863728,0.936293769148512,0.9497752506015869,0.9456696252405253,0.9329826716416806,0.968366276705547,0.9831005917868308,0.8929507691832557,0.4906948660320165,0.744643756516008,0.8934258878414931,0.923014832093956,0.9235974181243799,0.96884055898143,0.7127038126626797,0.5708373408193657,0.8962564956962495,0.8459395367748865,0.8547936436602486,0.8916407345076673,0.8678630732079262,0.7850334317024455,0.8334389109984361,0.8913996484245371,1.0291160868284028,0.9654253429773918,0.9218570245076411,0.9132896035728651,0.4171664524352682,0.8849975738191728,0.8795630673208295,0.8781142622269023
cm1.csv,0.2414781900399947,0.5755520429785831,0.38902992456220786,0.6928754835378599,0.870428893719775,0.8980067078307498,0.8665190493434962,0.2369590536002516,0.18225254731648566,0.8215255782621889,0.5586577877783759,0.7871667351766646,0.3515371494331051,0.339047373625615,0.8855617085669395,0.5599764768213159,0.5299962267526555,0.9075553978581519,0.1757456029610981,0.6417225149663806,0.3579283739102712,0.18439158473105954,0.5289494744997756,0.6982594512982947,0.8285081941350647,0.49245878137922927,0.6670697814295319,0.803830557977575,0.835133214963423,0.3187660543408358,0.4623810684167933,0.5042601029738241,0.5018609857303213,0.6195848381394532,0.6258333295914391,0.6632338636979245,0.6308628648861119,0.7018331238379116,0.8665190493434962,0.18225254731648566,0.2633305652323821,0.46233219721028374,0.21071351930844384,0.24266724973995324,0.5209890656519977,0.6908456412571085,0.7871667351766646,0.339047373625615,0.5299962267526555,0.24594675432546498,0.4579762636733379,0.39711777372740353,0.37334488821454004,0.2676914906869401,0.24042551704274606,0.2960127414381095,0.8238602969319203,0.6781843647617659,0.3044486866159064,0.39083036053856735,0.2736999575193656,0.4925721002961767,0.41292412272287515,0.6296591175804988
ivy-1.1.csv,0.14492791599974175,0.4135887603588746,0.3808923579706748,0.4027915409900703,0.5827800978059707,0.5182514575699684,0.4060129937219008,0.14485691781336363,0.14398067928772962,0.611328953858467,0.4239298867011767,0.45996362483239517,0.042724288898898566,0.05855278271281383,0.5330038540158665,0.27168185808269196,0.2560016914692962,0.5739694754580904,0.30447469686170103,0.4844639076343872,0.03146435891958732,0.10558783811199035,0.29941737380179434,0.43244823834047763,0.611803513084208,0.3455618777575553,0.5779768747448536,0.46948972874144856,0.5927163973873844,0.3625921067137423,-0.00681100799903489,0.2093622527175083,0.40279857130181107,0.3112686246273709,0.3843904404848243,0.3697951959108454,0.43281432861772673,0.5991451090321692,0.4060129937219008,0.14398067928772962,0.0424023422667239,0.08513717463580806,0.16139847898542536,0.1521316285158404,0.25243583289026916,0.435402207516724,0.45996362483239517,0.05855278271281383,0.2560016914692962,0.26167832547405145,0.3474772271386828,0.46107370376279067,0.4443322875361665,0.1011509710698334,0.1508673833436599,0.20814038776890376,0.6167603765443818,0.5001585773243293,0.5453260387214335,0.5059323250435356,0.21263809197118433,0.45229898168193816,0.4434066125154851,0.5316013879540564
ivy-1.4.csv,0.2807205826522088,0.20745311727577265,0.16714327656950734,0.5474412435217879,0.8886162397041504,0.8858516690492861,0.8755991790432485,0.3075049267992108,0.27998207214391446,0.8511594631722781,0.4143238428223419,0.7491389456513737,0.34407274236644914,0.33993951745848205,0.7889191443910821,0.19380771351937542,0.22336833888886953,0.903975445200015,0.36842554115138737,0.4497325841297791,0.3458891224361601,0.3140561556731496,0.17172940508366497,0.5669815237634053,0.8510004669207477,0.14449387459752505,0.695545612491675,0.8341898017581557,0.8609801190308803,0.17431895015021692,0.457091947686612,0.22441100137953662,0.12620458651336497,0.29047141305707025,0.2455846069460308,0.4949030689864129,0.22445803921124696,0.7342404309358557,0.8755991790432485,0.27998207214391446,0.31253754983767756,0.4315392609850579,0.26305565505355255,0.32276940858767533,0.22519889666590243,0.6328625119799733,0.7491389456513737,0.33993951745848205,0.22336833888886953,0.2858822584999269,0.197112339783324,0.16146802906279978,0.11163768216974945,0.36169851348473425,0.3122616713004358,0.3105025535826933,0.8457778504307703,0.744282850964836,0.6712212358256472,0.29666327324724695,0.3449293949615364,0.1690277480869402,0.08984980438781132,0.5445966271305592
ivy-2.0.csv,0.43925942147886665,0.601719748880762,0.6624201605554,0.7713041481612679,0.8725514302925822,0.9121964262493967,0.9033722787979037,0.35991246784089315,0.4277915680704808,0.8280186133380808,0.5793404566806946,0.8409640111108496,0.3691489957818678,0.36435322757695476,0.8936855236127247,0.6941230191669469,0.7103605238960073,0.9107354630760326,0.676400647141776,0.6861890968917029,0.3761432191485732,0.31335339514817806,0.6625958114689298,0.7629846466401493,0.8339916290611232,0.6457900145219206,0.7172720731228197,0.8417637668705437,0.8402563459253783,0.6285324897941267,0.5039758370124001,0.5966418082284033,0.661190492985795,0.7521436505981284,0.7710945249681194,0.7648807300690128,0.7259539154581152,0.7467769973448748,0.9033722787979037,0.4277915680704808,0.2782370330191466,0.5121011746026333,0.497024932003718,0.4657560853796816,0.6619786180798287,0.7677116622017741,0.8409640111108496,0.36435322757695476,0.7103605238960073,0.35498827084067675,0.6297767032429623,0.6785943172513491,0.6076937452060598,0.29942320543963086,0.3080962826155236,0.4476978252477407,0.8286574211927431,0.7592694691632638,0.7083031381135464,0.7023198782660041,0.3093804476489631,0.6365546382779919,0.5897787008700124,0.6249764581754456
jedit-3.2.csv,0.5767030855364084,0.6133874399107891,0.5838847149015944,0.822966069457282,0.9530897132996577,0.9940606862461863,0.9626619010960442,0.35839420149115453,0.5021887790838848,0.9134839417936145,0.7234610529912125,0.9103678433151511,0.1611378690492995,0.16435202573001484,0.989550996518424,0.44487965539631313,0.6960481641951953,0.9871750667450387,0.6405743451873938,0.8115648933300692,0.1530282106908658,0.509274392510433,0.7028896512518598,0.8279436736259206,0.9311971998073344,0.7334549390986034,0.8075228672170075,0.9190227398942077,0.9392017312740653,0.5056805625427919,0.2732975991473049,0.15956957522570403,0.7524018208438397,0.768384100489289,0.7996278990515183,0.8109264963975538,0.797999289487098,0.830405273834947,0.9626619010960442,0.5021887790838848,0.0984441887236287,0.2703513475465451,0.5668108298027008,0.41429936559752967,0.6879716401954694,0.8267615581229697,0.9103678433151511,0.16435202573001484,0.6960481641951953,0.15466128107128296,0.11891399130890934,0.6993437076489055,0.6891432055308533,0.18460428422297748,0.22118147870377247,0.15493415338447702,0.9199135763110675,0.8521907237494455,0.7877168884191985,0.7696893780913506,0.22552716440788356,0.5426074330432229,0.6708835348105042,0.7942949935859568
jedit-4.0.csv,0.25895758658478496,0.6730601208984486,0.6525773438020179,0.8242163612801368,0.9662908597097112,1.002617431093892,0.9789407699187117,0.23647444605991397,0.24398317403059633,0.9309272837024922,0.7307546554544467,0.91850446552311,0.2216974381561444,0.2235192847021833,0.9890335352723434,0.7017525967797179,0.7607190502690572,0.9956071866683326,0.6678759889940715,0.8221606401547262,0.21499982444420185,0.31187076279223247,0.7451957263868336,0.8349327667159153,0.9374142662477174,0.7429537019449164,0.8139266198305499,0.9219170662297322,0.9450381780710652,0.6198834045784578,0.34836050189580814,0.37056489332265785,0.7609154574690812,0.8041821783691802,0.784237288604609,0.8220877997028408,0.8000403610813183,0.8393961523204461,0.9789407699187117,0.24398317403059633,0.15045418194065108,0.3589341212834498,0.22057904886797486,0.237219216654583,0.7588593179409748,0.8324271437904274,0.91850446552311,0.2235192847021833,0.7607190502690572,0.1613102799956322,0.6281686662248567,0.7290474702075871,0.6876443211686398,0.20123204706164233,0.27175751354531563,0.2029537260442632,0.9306471236290983,0.8569893241327702,0.7927896343904973,0.7746180460226186,0.24155142646236683,0.6852761335508433,0.638448765367216,0.8064743232984699
jedit-4.1.csv,0.7093869593827843,0.6116882580925609,0.7145124696086002,0.7907133334010732,0.9677053204695765,0.997921030409743,0.9718230984163275,0.4626040319853735,0.6532434282628007,0.9274833995782276,0.7338391153265665,0.9189700166105579,0.2208809155102618,0.21968080917286303,0.9968240047614707,0.7524873786896952,0.7281833694548325,1.001032822352343,0.6625884972993893,0.7869514835287466,0.20584199638498846,0.5935918340566555,0.7636357934756675,0.8460788514167206,0.948178713452057,0.7607494865633765,0.8268512040067305,0.9301342106196271,0.9476117339733061,0.6453942424977852,0.3344185910579206,0.7394149471879352,0.7596528514914884,0.8115595912306075,0.8208325307358422,0.7077799431373042,0.8152987415875663,0.8494820236387544,0.9718230984163275,0.6532434282628007,0.13872902849809687,0.3569729967459888,0.589624377390433,0.5667264726807889,0.7789377537463152,0.8361575228526565,0.9189700166105579,0.21968080917286303,0.7281833694548325,0.17645125632609115,0.5285319403620098,0.668708551011892,0.7183215800392208,0.3299886876952224,0.2760395441798119,0.31006410830119513,0.9333216032021364,0.8590406753488055,0.8099549456828322,0.7904763688667591,0.25153615081497316,0.691315342115014,0.6618430930362587,0.8031253966324269
jedit-4.2.csv,0.35969883567805805,0.7226917267552901,0.7253924314377485,0.8085662451449087,0.9568613859035022,0.9755784595240055,0.9668050211646692,0.2848448466847623,0.29415923770632946,0.9181750586274712,0.6411401941761186,0.9071536666320954,0.33292411834092495,0.3457446576786425,0.9564331906240393,0.7375241833732659,0.7383901993292473,0.9864980430889031,0.8767279003290732,0.7796764176725578,0.3548917741568419,0.29978915233027825,0.751797294439414,0.8072852145581051,0.9234702698818748,0.7374209044744741,0.7757163517167693,0.9072618125898718,0.9329249578516721,0.6977965213395692,0.48544961390175645,0.700300058524598,0.7287196344261759,0.7777225018271097,0.7878961126716905,0.796816320290922,0.7722431925232589,0.8160017688356997,0.9668050211646692,0.29415923770632946,0.25844811647258703,0.4971934144099053,0.7069393380997893,0.29191104576741134,0.7596320948981196,0.8072016954239576,0.9071536666320954,0.3457446576786425,0.7383901993292473,0.2791404372194275,0.6604888672220852,0.7276424936578314,0.7023196734455261,0.27085852994405035,0.26238596229372957,0.3417238419053943,0.9173354520897656,0.8358706383897454,0.7678201454178373,0.7562347986576656,0.27586651186943134,0.7087868857590214,0.7180326177095496,0.7794607247786092
jedit-4.3.csv,0.9196673742740065,0.8364261892896037,0.8435197616075527,0.9087703705856889,0.9685601741919352,0.9027475739411717,0.9086923721664716,0.9395713046170645,0.9180384627477516,0.9479639551823102,0.6877939443285647,0.7238609421297154,0.6272689204481686,0.6223445904500119,0.9952594221774801,0.8975304578340917,0.8883484693710352,1.0031817148693305,0.7319266700635061,0.8487696924247318,0.6598558974978938,0.6400360785660664,0.8871271546862708,0.9301403333515295,0.9561853083456736,0.8635602405291924,0.8545967758093257,0.9147618905472517,0.9152006549955743,0.8507372366847606,0.7602457179803358,0.893644329220798,0.8110115549340623,0.913571163681457,0.9454158839156422,0.8984929135515531,0.8788001497575613,0.8830743039687601,0.9086923721664716,0.9180384627477516,0.5712583423482233,0.7554237405550067,0.9317322801063863,0.9679769772228966,0.9258428901315139,0.9153239693871349,0.7238609421297154,0.6223445904500119,0.8883484693710352,0.8747777733917714,0.8690786946019959,0.8470110692977437,0.8235882220878079,0.6620627590602965,0.7020778193610693,0.9183696502740369,0.9474843374767775,0.8597469822247183,0.9057172258100255,0.907918749464879,0.6336986483538658,0.849610865686613,0.8322525242649657,0.795780517414793
jm1.csv,0.9366698676658237,0.9413559899455806,0.9177183504027435,0.9914149566556557,1.05184707348604,0.6460301422085584,0.6317796559227207,0.9368901133207983,0.9322604951274094,1.0412320191647995,0.8406504895701575,0.8841145864340659,0.7049567901922136,0.69798983094117,0.989251360303487,0.9315071898036135,0.9433111704271373,1.0462090939442854,1.043220253869959,0.944515597951473,0.7020813812374496,0.8880768454320487,0.9356551026881459,0.9874899070350479,1.0433665060107122,0.9184435778243832,0.9695547076052056,1.0000253494955529,1.0023467093344083,0.9035908887287735,0.8425747081531608,0.907773520903955,0.9124149868229157,0.9722052121418701,0.9769855058199041,0.9784244623631798,0.9595158313352173,0.992637879868444,0.6317796559227207,0.9322604951274094,0.6799279303194884,0.8576963110860822,0.9332168580760308,0.9578036958472551,0.9516110174336085,0.987954733573151,0.8841145864340659,0.69798983094117,0.9433111704271373,0.8978381865897069,0.8775453574797745,0.9177118727779493,0.9021146252880846,0.8497313816492207,0.8533999624066894,0.9336662817679651,1.0398683550613776,0.9693440607251653,0.9434594092641423,0.9531465284637484,0.5030608770907159,0.8975614255661413,0.9117331743478707,0.9240042106948879
kc3.csv,0.05512169305651282,0.1666482272411729,0.06856650580568613,0.1230436499098021,0.8407291795505388,0.8860372713452883,0.8506149719961384,0.05878408292220905,0.07054186376278238,0.8123552413498483,0.22861313458572774,0.7465380151374091,0.19424461236843293,0.18044847616475768,0.8071802366482707,0.04128110688875619,0.03793723880032651,0.8588393213373338,0.129774784254709,0.2644837380573952,0.1408418510657088,0.06814475931829667,0.06104558960460138,0.17042963081008633,0.816316799088062,0.07389781819969565,0.614590580565266,0.8102293060449781,0.7861299882329597,0.07282002446635749,0.21460290397605686,0.041087750867889294,0.17447536385738383,0.040256754828110974,0.06897860905851871,0.07674594800728696,0.1229615471968335,0.7059260386802502,0.8506149719961384,0.07054186376278238,0.11842302896023504,0.18461528518710324,0.0504187163894938,0.06057467674040917,0.07755685022839898,0.12574336435718836,0.7465380151374091,0.18044847616475768,0.03793723880032651,0.08848001575503417,0.06425367110882729,0.1007344372455965,0.06467294112923816,0.16067809596121418,0.08019809766720021,0.09434153440923643,0.8106183979087417,0.7346005311362849,0.5732313656577899,0.1263212204480566,0.16343771337083624,0.07372858730046739,0.0900076015622816,0.5135646511403122
log4j-1.0.csv,0.04615039698474532,0.24606207566687965,0.2776415213109352,0.2573039654916055,0.6806215018409888,0.5775806005388024,0.7424251810986672,0.05047216680849542,0.03957137707067726,0.6271603342267876,0.32204612339037997,0.5400312952317878,0.0658244623752513,0.03559798406763748,0.6011843051095496,0.12825178530553338,0.1345033849903995,0.6894552217169161,0.29588639004076156,0.35110644203264896,0.03287988683720067,0.022303583119251846,0.1877279977855153,0.3582571804400222,0.6252797120169317,0.2507660322647046,0.3962322157210758,0.650757668035963,0.5953811629646759,0.2085217629973548,0.07254588692106245,0.0995616230822769,0.33386688786483987,0.1632325823265588,0.271170359013688,0.23820838628075325,0.34324048705712484,0.48675553527046433,0.7424251810986672,0.03957137707067726,0.018752304857460822,0.03461401738343173,0.05580142022942802,0.05261293044538029,0.15348462295183618,0.28684082080956874,0.5400312952317878,0.03559798406763748,0.1345033849903995,0.06995884233214456,0.24212300538017806,0.33547897348647926,0.2540727114843495,0.042213349213398255,0.022745784418366388,0.11058138701901798,0.6334708596155402,0.5504429850137408,0.49065958457266445,0.47266863736444387,0.15114258469152442,0.3413863273784653,0.3376890765395998,0.5403628417230688
log4j-1.1.csv,0.12581415387675432,0.4139593427168353,0.3907600845634126,0.39634765772461367,0.476141141656765,0.48911217265671014,0.4196009742400709,0.19026704343088263,0.13248426959831727,0.4946953632756068,0.29168647184011354,0.4101792665299734,0.02869620665657502,0.015940912571154486,0.38798314370336184,0.3657529673624831,0.32614344866686074,0.5381800324703458,0.16513138157356688,0.46984627420592906,0.02504634546805773,0.08012796843748626,0.4063712281271642,0.5476461127656275,0.4569330656770717,0.4889986886836543,0.4899687904827742,0.40729015403924973,0.4233249113806501,0.4916998611998492,0.05152594066078964,0.2755268656705583,0.5301337793734394,0.2969257327713689,0.4861302717347812,0.45383787797115926,0.5164368715785921,0.5239325730744216,0.4196009742400709,0.13248426959831727,0.014037167181354837,-0.001206799687836324,0.14264455938173726,0.15733150361532722,0.37794894803816115,0.5354975285648844,0.4101792665299734,0.015940912571154486,0.32614344866686074,0.19729854027517513,0.39427667167270564,0.5124338944411887,0.22218709704090178,0.11269552519545345,0.12517034866870635,0.28561997709117926,0.4737457207458904,0.4093223471023085,0.47354850516492586,0.4908069332847179,0.14436070165971038,0.2894718461094401,0.2825689467962835,0.40721877752919733
log4j-1.2.csv,0.01519365614077084,0.5156102134654954,0.524588927197773,0.6438896287502254,0.9224761745242092,0.961503586641359,0.9197783117055718,0.13900453864090356,0.16395558401916654,0.8769989450843352,0.33854431286004616,0.8572568786518353,0.06918108267770728,0.07293843258574517,0.9589795599274088,0.15329483707209635,0.4574965690596762,0.9573060664137639,0.5294275297269568,0.7099192904529177,0.06547935784408043,0.004589198056157873,0.29110475690060345,0.7618263370097442,0.8907110965025429,0.18457669282299416,0.760930066188721,0.872158983802964,0.8880527210601838,0.44600164812625565,0.14362414214243335,0.137973242375784,0.5216624526540645,0.6129212411544038,0.19597271896564383,0.614028060176025,0.6333040346460508,0.7812701432200571,0.9197783117055718,0.16395558401916654,0.031153673440976526,0.12259335713360353,-0.0022034821428228435,0.2131902525650472,0.1282651080478735,0.6494662453697202,0.8572568786518353,0.07293843258574517,0.4574965690596762,0.10640762604121934,0.13231359386730412,0.22976590909251715,0.08330260103730591,0.038361953399032034,0.06335986701957452,0.11741820902086852,0.8775623391122489,0.807087209447265,0.7252237533402691,0.6100554743204867,0.17222631553477075,0.13104115410923667,0.11935535405468656,0.6372652778363807
lucene-2.0.csv,0.23643960996120328,0.5902943954108997,0.5122484023197762,0.6057767761934598,0.940621452288549,0.9829954626696078,0.9497774382861445,0.14462661738754823,0.16422454260047048,0.8968684834339403,0.2709537324148704,0.8855293588250955,0.0668116625666908,0.061996145963039595,0.9751903684421359,0.18327194897783938,0.41180314077517455,0.97278851120646,0.5213311296121004,0.6500130527560948,0.05298400767554767,0.1821903003492984,0.26514971911847285,0.7598420269679533,0.9130732913739121,0.22484313857037985,0.764916340595124,0.9070859218686702,0.9297837979016081,0.4291542095395786,0.12518213975279457,0.18966015411719472,0.6145438015588467,0.4324253437061144,0.21116441917217477,0.5807806646187229,0.33911684827846245,0.8140503749601835,0.9497774382861445,0.16422454260047048,0.028593989336728187,0.11748510474227936,0.19584512205416682,-0.0034414575367773814,0.1770646204130536,0.2864659445783311,0.8855293588250955,0.061996145963039595,0.41180314077517455,0.09363225772609174,0.15569886752868756,0.18931160999752883,0.09093499971349384,0.03225093203932894,0.050611275710672476,0.12477412230816043,0.9039584996378262,0.8471808294938276,0.6817820800968526,0.49773172526887,0.16981448695529533,0.10581619565535627,0.13598607067708945,0.5995170889581204
lucene-2.2.csv,0.1460971313495789,0.5887552304941374,0.5324047195525247,0.7881429518996802,0.936809094238327,0.9816693177682609,0.9508062415777662,0.14871053848528526,0.15201926304453417,0.8994345407696177,0.6815331958061149,0.8877543474980636,0.11803897248264128,0.138340130362407,0.9658845859346901,0.08949416324792381,0.11913221407666597,0.9677591101196183,0.7027726625131635,0.792220352041044,0.1193790218870805,0.21012335653619163,0.10192151807013561,0.7913240677673462,0.9076109527993395,0.1886526517434003,0.7800343553591909,0.8948984975782301,0.9230753254038075,0.40833835883185443,0.22711546514424708,0.09403067101660978,0.5429662230895407,0.6904673597950771,0.7591950623150243,0.7786947177059443,0.765821842619008,0.8044775794894201,0.9508062415777662,0.15201926304453417,0.07526404783554663,0.22355784181602445,0.12425323880351147,0.17957314465354224,0.15009819783008926,0.7876216271649543,0.8877543474980636,0.138340130362407,0.11913221407666597,0.11855413359230804,0.0938371829473792,0.5747927173876474,0.18493565797788158,0.09184248254470673,0.0825594596151481,0.1308859144570339,0.9011082227895852,0.8362410939949267,0.7618677944089198,0.7466953337681923,0.18781153121856486,0.24228206243424255,0.30975077578770605,0.7763250049601848
lucene-2.4.csv,0.31059539277920445,0.6921417044585563,0.6682705921822484,0.8386188629207417,0.9820087898239174,1.0070610450450774,0.9814146488269877,0.33864330049960767,0.29707879057496656,0.9467805434471527,0.7360046279744343,0.9367473603005345,0.25719255539515307,0.25799076398495224,1.0079240608168112,0.7632830330932809,0.7811263646260511,1.0117285212027638,0.7319118796043035,0.8252444421936939,0.24868132344888894,0.3696469829780348,0.7719959476052878,0.8459766696461122,0.9562323302077343,0.7717513175500714,0.8330964301310622,0.9221898566059505,0.9666866944776455,0.7186334240236663,0.3850266529024252,0.7567282426280881,0.7560871649391998,0.8268196623593086,0.8312546092714767,0.8357712366236918,0.8187274924592892,0.8515358437403818,0.9814146488269877,0.29707879057496656,0.1770322180808055,0.40225538803157723,0.6251034654170017,0.29315233529921114,0.786666191934603,0.8040068102944884,0.9367473603005345,0.25799076398495224,0.7811263646260511,0.17411653756385337,0.7095529174331434,0.7122354983041801,0.7257899324194137,0.34257500631860005,0.4057334016077756,0.7392374648062556,0.9491767591114562,0.8699792612567427,0.8124473777551507,0.7942917581289464,0.2535905918899245,0.734526803678069,0.718610016328275,0.819186169514821
mc1.csv,0.9424604526299754,0.9286826740130403,0.9372237614732845,0.9893920514633234,1.076535358183417,0.6748986718269636,0.6211445660419878,0.9495415527149984,0.9386597316958889,1.0486034100020187,0.7836762183686984,0.7910833550394658,0.6495335265693974,0.6894173265364374,0.9896861445139109,0.9509569945743428,0.9514583275963981,1.0977588229816244,0.6481015979581156,0.9525476692504041,0.6669476460361488,0.9037868055674292,0.9498285453736544,0.9907335706563543,1.0569324652542296,0.9445001764621092,0.9723148738236949,0.9814991627984772,0.9816801455034055,0.8759341806530808,0.8129073473527306,0.9154514019582878,0.9089105075912588,0.9742820053219257,0.983420961033596,0.9758956157530502,0.9599679126074582,0.9981364399259041,0.6211445660419878,0.9386597316958889,0.6829313884376418,0.8187588354132406,0.9353518583449982,0.9670161558859117,0.9531675826615599,0.9904798568975697,0.7910833550394658,0.6894173265364374,0.9514583275963981,0.8746550031000093,0.8822221080285177,0.9175475185779559,0.888213560743551,0.7886239978540338,0.8503104698234725,0.9576335877616229,1.0477122103037428,0.9711948795889922,0.9913945465399213,0.979761576655902,0.6556305898521249,0.8887531749716198,0.9221995256301678,0.8765322028841067
mc2.csv,0.0963275317433846,0.31044392083245864,0.3063513815207102,0.3056932655814746,0.6341647572815107,0.6599848983097747,0.5172152244540242,0.0973642427184519,0.11577367562197793,0.5940039809541547,0.4182615127696745,0.5104838716275548,0.014680144532750683,-0.0032835561990214313,0.537004770225232,0.2180050966195518,0.1799914525722659,0.6313311712148962,0.07126763302294581,0.38444068904781714,0.007639152345946254,0.05958805082397933,0.22884673648459664,0.3763722073207033,0.622248194644403,0.30843453632883233,0.46364734797181206,0.5307881960469869,0.5664447864932909,0.2628531491589007,0.05154297614023973,0.16253096983311666,0.3579148213429866,0.2181032587663958,0.3120715769657576,0.2767328237216532,0.3709148901246827,0.5135133353898705,0.5172152244540242,0.11577367562197793,0.011741370926284134,0.025048013737933195,0.11048357190085434,0.09558628475265984,0.2042186297152906,0.3294523653732224,0.5104838716275548,-0.0032835561990214313,0.1799914525722659,0.1363313260679262,0.3092045927270114,0.37312641997593343,0.3071908798716194,0.07227190386669868,0.05646930963199359,0.16465030085327637,0.6233337544444705,0.4855240983923258,0.47611461714079495,0.4746053894808131,0.1410247444061814,0.3776544829746046,0.3191550283859106,0.5127814632098312
mw1.csv,0.16298297049403687,0.07733344015664434,0.21502077076151327,0.7129689413747747,0.9009327588622197,0.9236401699206366,0.8914295330358123,0.23368006483032333,0.15761265148773984,0.862125681214576,0.6270594930278222,0.8230725906660415,0.3382676538786662,0.31475023258541723,0.9084457393545556,0.20542926176919396,0.1338796739914958,0.9315812261504933,0.1771914557019727,0.6517076174791738,0.31012567293488646,0.18338317177699803,0.33131893503598253,0.7367010973192349,0.8710102831091089,0.35426978000296205,0.748491633167599,0.8539237541855393,0.8453439959641356,0.19231430209917766,0.380749647473842,0.15851990432567997,0.06175719021087922,0.5442195904625187,0.5641519840004212,0.4585754988623425,0.6819487176242518,0.7449801654733472,0.8914295330358123,0.15761265148773984,0.22579764039595973,0.33536255927742376,0.16233419950426375,0.18503421891957839,0.23711667919328683,0.7050198705949566,0.8230725906660415,0.31475023258541723,0.1338796739914958,0.206780293765073,0.12628375914439638,0.12824324052394198,0.13332480091261445,0.24123504275394136,0.19333709639201546,0.2233666679162153,0.8632536601904068,0.7759920190221127,0.7102130965211378,0.6866467063303399,0.30707421923096534,0.1915495695830871,0.25296925770376233,0.697291816253718
poi-1.5.csv,0.08996816561355558,0.19558152008951168,0.18017934672850633,0.18197902169802582,0.8736954349092201,0.900891167305375,0.8994581471165574,0.09094077907807674,0.09761693248002445,0.8329799420511221,0.24483070072383917,0.827887690316037,0.15480896851832948,0.16443321731423755,0.9011941131048213,0.13470022230575052,0.14507241145395589,0.9066284075843203,0.8758023467724355,0.3787921913330319,0.15317208742239907,0.061961723231882315,0.15597671644254518,0.2012253132738685,0.8334669833799426,0.2097399086594336,0.23855577551094442,0.815533899447515,0.8541593112691102,0.18033446098712502,0.22876700458247368,0.12544383716234186,0.19282005573908778,0.15274682716906662,0.14988122070361176,0.1754437888689977,0.19028237797477776,0.5420960800561683,0.8994581471165574,0.09761693248002445,0.11723441167122184,0.23301613372790486,0.10312913930950462,0.08898504372409399,0.11762680025058636,0.17614180238928812,0.827887690316037,0.16443321731423755,0.14507241145395589,-0.003548167907766464,0.1367146249426947,0.15595003222399462,0.097159327956442,0.07913532320005556,0.037643214697771876,0.06888235978020973,0.8342974915461596,0.7808773265024134,0.2826939158759004,0.4316223158958429,0.1028933385295503,0.16375811258113737,0.13123811928569495,0.5029146280042963
poi-2.0.csv,0.2058596560935957,0.36383170429160194,0.3523930418634813,0.4249882014447589,0.8861562071772241,0.8884133935071689,0.8512324514092906,0.20805576227845002,0.2367428323910723,0.8481002170439009,0.3764633009126639,0.7691190359522768,0.30165885326414854,0.35943280581212333,0.9025473548404422,0.3606490724520578,0.3735567175102228,0.9148959311733212,0.21157414289275644,0.4853339663430364,0.32025641671445493,0.22823597255950456,0.3312570337769194,0.45724756287223345,0.8524921903916964,0.27327108300591707,0.6757184408857747,0.8054459917042043,0.8626290243631994,0.28843115872445735,0.416982819937862,0.2132807130773462,0.28895491429070785,0.42298397452240577,0.5209777653414285,0.44680146450835434,0.5188691363115785,0.7125985434724316,0.8512324514092906,0.2367428323910723,0.24370424576641236,0.4264259003186216,0.19047143785577303,0.21429753646067273,0.257606970776701,0.4728426496104443,0.7691190359522768,0.35943280581212333,0.3735567175102228,0.24857451637430572,0.2647449263431152,0.37994366365661436,0.32368365880736016,0.21775983715724678,0.21913019958458757,0.22528382597664065,0.8481150075554665,0.7705204897966793,0.6155170479220514,0.5783654381783037,0.2602489241327739,0.304846804892308,0.2044685820440284,0.6687021294292276
poi-2.5.csv,0.22285893118226774,0.348070073365746,0.15956417608553197,0.7102489841386219,0.9102945692423624,0.9444071510237616,0.90736228347414,0.18504787532287947,0.17212194333590536,0.8699530672131203,0.6772953375169678,0.8755110389454991,0.2662199353479695,0.27868332307869204,0.936657728024256,0.6187553684986116,0.6473975321495169,0.9422791328312046,0.8106144829959236,0.7417035233057832,0.27570767013087205,0.213724971181109,0.6145073905759195,0.7415052552480264,0.8730491797805128,0.5479660054265886,0.7483840503759662,0.8605891846942328,0.8901927829557789,0.3027434186300366,0.4001495393045875,0.3813427221649389,0.49447368015491544,0.6950502265694469,0.6774488671344676,0.4936455987552406,0.725487851886777,0.757867800547344,0.90736228347414,0.17212194333590536,0.1979395869506112,0.41056091565001995,0.24557515241422723,0.18409866043616296,0.5693021355226675,0.7088090177172346,0.8755110389454991,0.27868332307869204,0.6473975321495169,0.1779931142774902,0.4084453377910513,0.07497569919579383,0.43017108063589526,0.19078771369346015,0.20860439778086137,0.2163200362322354,0.8676592562110604,0.7826932313936867,0.7190024571534666,0.7015189853995887,0.2444729492035448,0.1504786016676095,0.08173451357751926,0.7352099867777201
poi-3.0.csv,0.11499636921275203,0.6808751520457083,0.6502790063710346,0.7367386279372996,0.8903615675656753,0.933331898327896,0.8985467737995204,0.10887952184804428,0.11583214771918349,0.8512428363774968,0.6103078632176366,0.8222009616766728,0.26256502118967273,0.27655346014849436,0.9165867402827464,0.5960440374446448,0.6173220255921943,0.9216584819160222,0.8835599840412446,0.7510490759710662,0.27310932549984845,0.11182359846838263,0.6486953856132831,0.7408057435418112,0.856111823152425,0.6302556493820046,0.7414829931598872,0.8267488168315668,0.8690087978231521,0.6118134986205956,0.3847724068049275,0.113670315323815,0.6917935499845078,0.7034677022340492,0.7117855605671195,0.7251106911012866,0.7189260677407256,0.7481618567119421,0.8985467737995204,0.11583214771918349,0.20085277094374332,0.39641797570268567,0.10976691945072647,0.11751933416868243,0.24643037694866365,0.7345838523776778,0.8222009616766728,0.27655346014849436,0.6173220255921943,0.09332333492631184,0.5372891623611972,0.653727650758289,0.10518149845023728,0.12322044680460498,0.10138078317300714,0.10838303691152196,0.8521767617762916,0.7765518150240641,0.7048240736229415,0.6850904545277821,0.17908156535142394,0.6175466287916178,0.5234288144370757,0.7344292271465862
velocity-1.4.csv,0.033538281569235995,0.41180061547226365,0.20176795804566083,0.39901017014900475,0.8591587246794345,0.806754214077569,0.827890844607479,0.034740644196343595,0.034288353092101875,0.6442778078404588,0.1749917752526683,0.6837094454470904,0.047232084680159936,0.051849501613719706,0.8662816932925392,0.10046086981548719,0.10632917973399114,0.8883165022207572,0.6968874446717608,0.45756080684593825,0.04547141849709235,0.015659483388256623,0.10756604366604372,0.5282845522491255,0.8103137279493983,0.140375065674873,0.1369309537563017,0.7971626855141434,0.7546852166406253,0.18009361596892604,0.08494164515611424,0.06913725834423479,0.32864821774400566,0.28222577177688224,0.21292944470958786,0.3193386543939021,0.27079031774105145,0.14291408653943627,0.827890844607479,0.034288353092101875,0.031326727855285785,0.08790664252387992,0.042271973583181355,0.03372676042275513,0.09163547002357142,0.34486131527598163,0.6837094454470904,0.051849501613719706,0.10632917973399114,0.06962632423193615,0.1487977212653684,0.1907777365608876,0.10956565062311974,-0.004419946827282528,0.009667194657645206,0.065237395959716,0.6468628437956325,0.5898797704894161,0.24996338401439233,0.3281679185630224,0.14844326429804866,0.13217482137373682,0.14983958106004502,0.4417245432586627
velocity-1.5.csv,0.04011133674785161,0.3266020315888354,0.29320169771320015,0.3032007246482731,0.8655259762708646,0.8640301568933908,0.8335678099969931,0.05847940414619712,0.057489563793830634,0.8244309065857104,0.15616261117919294,0.7291811871667561,0.07989778132144543,0.08694985378677145,0.8726252205812463,0.1476335217252308,0.20296052424398625,0.8984771509771112,0.7117640683521613,0.3973292905557779,0.06988255813357758,0.015294334767339546,0.16833898690444737,0.32150207271595077,0.8270211012478127,0.2988927315853933,0.16377132840938735,0.8100757385794736,0.8451631455927282,0.28855221391633545,0.13138264434412084,0.09739924624922713,0.3200872896113618,0.23412877574967395,0.27686518585253883,0.28894362439543,0.31064015169618564,0.24405113989710292,0.8335678099969931,0.057489563793830634,0.05530632109600653,0.13529315733796898,0.0674134411427676,0.05622275345029615,0.07001197834328943,0.4261330604271216,0.7291811871667561,0.08694985378677145,0.20296052424398625,0.03809510573578434,0.10941098282948991,0.25115758827342916,0.09523267521313938,0.013734143913092467,-0.003424590257460114,0.009097010000435057,0.8259415360177418,0.749550581933335,0.5528440899212341,0.40881771158691127,0.15158617922139728,0.22152067555300847,0.12997786240666687,0.4375979766163508
velocity-1.6.csv,0.09875767187959505,0.4199395470746552,0.23247553814192645,0.5360741571551597,0.8945723300199345,0.9389643410931914,0.9076601158119142,0.09547831216819214,0.09571457921096826,0.8554939292003136,0.32695048028055707,0.8353418217479638,0.07520010929793175,0.10104536800138697,0.9218430673271292,0.1317910942115138,0.1432047917243061,0.9264426938427002,0.5749476978934717,0.5656245082135221,0.09137112855138962,0.04883388053747728,0.1462605886076659,0.7229999532279866,0.8596293578564227,0.19351247840845864,0.7268889885943246,0.8430426016898813,0.8725915527966586,0.227339712247964,0.16622703553527773,0.11498577787936082,0.313504885684169,0.16659775110551311,0.1972829683867655,0.26485009618545363,0.3651109127354981,0.7565110892867244,0.9076601158119142,0.09571457921096826,0.056273279968686696,0.17290384925968838,0.10592120682398443,0.10048582111416682,0.1170238642604432,0.5980412239255598,0.8353418217479638,0.10104536800138697,0.1432047917243061,0.033775076995970044,0.16074195589326523,0.2230543968377886,0.14706042986723877,0.045779232227316724,0.04413878706980734,0.0010474772223583173,0.8566105320254218,0.7761458913481207,0.7028338607616813,0.6400219949242953,0.09113178365407038,0.1247713008636917,0.11622313296140407,0.6109317200514855
xalan-2.4.csv,0.8740332789247656,0.8402880112228404,0.8571468246958177,0.94636897906942,1.0635513652797113,1.0303274017671593,1.0273195754489906,0.8688748073630641,0.8670025168004102,1.0313694604417365,0.6866152997108655,0.9477635997614797,0.5049912704434067,0.5017775567471245,1.0847260285556017,0.8736082004819133,0.8785644791592891,1.0922307948353263,0.8550020462313226,0.8913681594665602,0.5249529825728748,0.8743694039217191,0.8799633172107275,0.9480996370379174,1.0269310600734936,0.8748801430267892,0.9257071756476222,1.010887921484402,1.027028582361155,0.8322906684855548,0.6514158771504437,0.8365773545139946,0.8297008507226142,0.916177714006801,0.9305147167653147,0.9337670051088315,0.9213905654290009,0.9444335161581293,1.0273195754489906,0.8670025168004102,0.413001601782224,0.670944767051495,0.8741403618091059,0.9047715308573487,0.9023891636570487,0.9490901658712089,0.9477635997614797,0.5017775567471245,0.8785644791592891,0.8267570230152006,0.8305492337133584,0.8661793170920472,0.8523741857586011,0.8013900724212345,0.8029592675215331,0.8594645869141719,1.0133038674153623,0.9508628322631061,0.9035501044177324,0.8930423660404697,0.3953781995764566,0.8646034638724833,0.8533106127369209,0.8544186906268406
xalan-2.5.csv,0.8141329203205324,0.7534493416679924,0.7749619909421273,0.8740193669583303,0.9837402625152115,0.981540978240637,0.9591952902642056,0.8228061711560695,0.8166379819307202,0.9537006055063236,0.5698159546469899,0.935588651179709,0.44554093373757075,0.45664040865821864,1.003671599592904,0.8124417623095255,0.8114817013282276,1.008439852661652,0.9280270973263378,0.8021611357315445,0.46497837632944117,0.6376970673843493,0.8182384301904997,0.8697250701867065,0.9578146888311141,0.7896765949601082,0.8406329910410988,0.9429898126240727,0.9621488100720889,0.7551710554430057,0.602031426481778,0.7787872378290766,0.752244913845543,0.8517640790354661,0.8549972299970523,0.8592659962756699,0.8437203750127431,0.8604417369125277,0.9591952902642056,0.8166379819307202,0.35395761799068837,0.6232407369163203,0.8072096753457698,0.8475109502372777,0.8387214608160938,0.8702644688146639,0.935588651179709,0.45664040865821864,0.8114817013282276,0.7731548056851872,0.7425568123105915,0.7860089288461114,0.7759116424369847,0.609101337305407,0.7538898238105163,0.8164085889284498,0.9516708847719206,0.8106988327213853,0.8268739284740723,0.8103903739611517,0.3714506557084968,0.7913444984205322,0.7774039520290088,0.7669554422838878
xalan-2.6.csv,0.6359860454009326,0.6136857720680727,0.7014404619348305,0.817580443304454,0.9365727074124449,0.9903870000566071,0.9226591282369648,0.6485390042010545,0.6415304065686162,0.9020531190522495,0.7078820126172749,0.9109945138970712,0.3092763660185839,0.3196994379455832,0.9595823563597704,0.7410607654666002,0.74645006221816,0.9636845569631259,0.6593739014136687,0.703113442831045,0.3239790353626063,0.48763715004122676,0.7626605747931949,0.8073380244766457,0.9129987327447163,0.7354782645032302,0.7755366299619557,0.8970592860612495,0.9177012141170713,0.6592195521182185,0.46653746316372946,0.7104516792820529,0.7054821433903459,0.7883020131497755,0.7933627349829115,0.8100985313557042,0.7739821735244921,0.8004050113016601,0.9226591282369648,0.6415304065686162,0.23370863229184902,0.4661014433002083,0.7261806503051087,0.6751574745380914,0.7663688497427213,0.8135789316404344,0.9109945138970712,0.3196994379455832,0.74645006221816,0.26302690348441604,0.661487220612343,0.7246197533202854,0.7000415648227158,0.2591826711365126,0.5910206586399873,0.7271723233506133,0.9029183854054058,0.8261309606394167,0.7364488959148963,0.747964847342174,0.2201937968910882,0.7022822848694914,0.7010617896953948,0.7644370349272165
xalan-2.7.csv,0.4781249040045401,0.6263382133401402,0.6747820827276279,0.7977793896819863,0.9278207196758105,0.9404600128859286,0.9364313034455704,0.4771318408276929,0.47492115682066693,0.89397895887877,0.666867405066928,0.9007929825664673,0.29884565415026176,0.3098704544655857,0.9507116762073027,0.7256017797401957,0.7305502786363356,0.9551716290029759,0.740623567487375,0.7397630273550191,0.31231287591221035,0.40754534107194595,0.7357161350865595,0.7894659571181462,0.899499991336908,0.7269428063549818,0.7738025980363499,0.8891789248602147,0.9104889138426852,0.657030055808831,0.44185283368061035,0.6995844038639707,0.7006160422292139,0.7695158530496684,0.7753720916163303,0.7905032833294412,0.7604220465127807,0.7849339665529427,0.9364313034455704,0.47492115682066693,0.2222940157644796,0.4571083086492068,0.6114503307849589,0.49575778249404423,0.7473152594097401,0.7947970143975267,0.9007929825664673,0.3098704544655857,0.7305502786363356,0.4284483504441109,0.6437096917212306,0.7041544482005675,0.6800165927641965,0.3369769153701059,0.4263485574805823,0.6709126362032964,0.8929066271166938,0.8097190975627198,0.7476976332520997,0.6597724688470694,0.26119311624075536,0.6948294557287684,0.6832805162110178,0.7661099889402823
xerces-1.0.csv,0.17710912773077614,0.28510818417854555,0.2713968997430275,0.27602859507300714,0.47959436052675974,0.6351583295805643,0.5719778298790158,0.17919251385982293,0.17638791188752312,0.42516601234257434,0.33679898770652505,0.4646934501628792,0.16792199285560727,0.16085676377800429,0.5601100476383397,0.21995012215395915,0.22416209281086985,0.5248587428893164,0.779641448654203,0.31124428342539856,0.15947926260341683,0.1602758078173685,0.23860829103379844,0.2893905742321389,0.4350237870200919,0.2580717515463544,0.2516727923780554,0.4384879145128098,0.46541540491750766,0.26947551076835063,0.18011297356890832,0.19368033726508482,0.2860540913211239,0.23796673138721725,0.2608924671181835,0.2676787841948185,0.2857647992734158,0.2898426253559434,0.5719778298790158,0.17638791188752312,0.1509573303273204,0.18712998874471098,0.18288379413039502,0.17695118618825778,0.20516538759309366,0.2814305402377377,0.4646934501628792,0.16085676377800429,0.22416209281086985,0.11281312104400754,0.2348145618278502,0.2702752656668851,0.24290532913737573,0.15196354759812536,0.15494089137370093,0.13455015827816597,0.44947122650025595,0.44730102162322927,0.25634837035218905,0.31300972762296275,-0.005663034147399326,0.25158533031642394,0.269302993702344,0.33450300856866555
xerces-1.2.csv,0.23437793342316815,0.6717708667936545,0.6612805409100815,0.757211877982085,0.9004892857328507,0.9197707828831114,0.8820998733488394,0.23624612324882677,0.23867603506200896,0.8626863131973523,0.6185977375279601,0.7952912093186848,0.3258616319365484,0.32916582686287255,0.9244868651267442,0.6499446987263976,0.6502870318742586,0.9304544716038972,0.21912058158513203,0.711399585209565,0.3432429797622918,0.17880448821959471,0.6431721152745717,0.7539636779105522,0.8680049760192875,0.6359058011724688,0.7165915374291436,0.8533395720309753,0.8792088061089229,0.6323221228418555,0.44688393305880303,0.39992350273438215,0.6477036022423268,0.7177541359211199,0.7336979375409167,0.7463117714943002,0.7276370679514241,0.7655580731664221,0.8820998733488394,0.23867603506200896,0.2626018616743666,0.4558901329842705,0.20874717526473063,0.24233326351406115,0.5452690104986595,0.7563262098797007,0.7952912093186848,0.32916582686287255,0.6502870318742586,0.2416090662463911,0.5741002106600923,0.6601416178089679,0.6142142009195416,0.21283734683717825,0.1943702624189585,0.2112416621582648,0.8632343596143979,0.7850976502913485,0.7123849770768957,0.6544517902001996,0.2762720407224154,0.5439073907653007,0.5774431532162193,0.6925272353108982
xerces-1.3.csv,0.2343730707949515,0.6863680856321669,0.6815201361042483,0.767781087232958,0.901927920497972,0.9117320762932569,0.9062696166372595,0.24266691350018765,0.23956362220059024,0.8648425493263102,0.5923486951480275,0.8277375772026765,0.34460801139453345,0.3679226490104389,0.9241597789566328,0.6468878598799002,0.6791939615124328,0.9315932917846728,0.7421740634849396,0.7313043694541991,0.36374828041275076,0.2219321367712085,0.6547477208337508,0.7660846984942175,0.8699777097880477,0.6863008734390534,0.7235275710273319,0.8468245765769282,0.8792668554298368,0.6627346136949218,0.4751082938415261,0.41816665326007263,0.6769743131901691,0.7315552553934941,0.7345504528098753,0.7539440077508478,0.7436950694895423,0.7750110915795966,0.9062696166372595,0.23956362220059024,0.2759631439079512,0.48477032884512217,0.25126322195203565,0.24177816495423887,0.46744720962385233,0.7670819371690882,0.8277375772026765,0.3679226490104389,0.6791939615124328,0.23081000056080692,0.6143678149785851,0.6892386586084294,0.637716784201033,0.21634131170734106,0.22138712775157832,0.3046882421097751,0.864738263762419,0.7848137761896212,0.7390115055706932,0.7054469455953328,0.286710555962982,0.6504697728448753,0.559100274921217,0.7068707294463403
xerces-1.4.csv,0.6102928158034862,0.682329833302314,0.7145265718059803,0.8150392479311515,0.9208471987877135,0.9337679696732845,0.9083614706091785,0.5882792007399976,0.581188633801069,0.877133322797705,0.5503830490242798,0.8086122087023052,0.36713457933972493,0.37552839778334135,0.9393285113553421,0.7648093347496443,0.7565161236866518,0.9542029202865684,0.8435342961305158,0.7157465316496721,0.38407248694427154,0.3985564530918493,0.762001606402241,0.8090035177082402,0.8828948886451584,0.7442554988987429,0.7835949762197374,0.8635243329770967,0.8949675614081162,0.6952906237220724,0.5128407446470095,0.7069194765520468,0.7033177311015781,0.7936766690177174,0.8133086205961679,0.8057660440609875,0.777595987352159,0.7783949073241898,0.9083614706091785,0.581188633801069,0.28921879269034145,0.5225776875520446,0.641446977309377,0.6092459167307411,0.7770009588559432,0.8191993827856261,0.8086122087023052,0.37552839778334135,0.7565161236866518,0.5006801444494691,0.7079456586491593,0.7374241187532685,0.720716251863774,0.42184172355977234,0.43039395953613324,0.6839857054458424,0.8779899239489263,0.7654639213031206,0.7675000352703636,0.7638151699456386,0.2938778419754141,0.7238595268881967,0.716495132867579,0.06121671126705874
